PLAYER_ID,HEIGHT,WEIGHT,POSITION
76001,82,240,Forward
76002,81,235,Center
76003,86,225,Center
51,73,162,Guard
1505,78,235,Forward-Guard
949,81,245,Forward
76005,79,220,Forward
76006,75,180,Guard
76007,75,195,Forward
101165,77,185,Guard
76008,72,183,Guard
76009,83,220,Center
76010,78,210,Forward
76011,81,210,Center
76012,79,210,Forward
1629121,74,190,Guard
203919,77,209,Guard
149,70,165,Guard
203500,84,265,Center
912,80,241,Forward
1628389,82,255,Center-Forward
1629061,79,200,Forward
76015,74,175,Guard
201167,77,210,Guard
76016,78,232,Forward
201336,74,190,Guard
76017,77,175,Guard
201582,86,248,Center
76018,82,225,Center
203006,71,185,Guard
202374,85,252,Center
76019,80,217,Forward
76020,81,225,Center
203128,82,240,Forward-Center
202332,83,253,Center
200746,83,260,Center-Forward
76021,83,260,Center
1626146,80,240,Forward
724,73,190,Guard
2042,77,205,Guard
76022,79,240,Forward
201570,80,230,Forward
2349,82,265,Forward
76024,74,183,Guard
1628959,77,225,Guard
76028,81,205,Forward
1628960,77,198,Guard
1628386,83,237,Center
706,76,184,Guard
1628443,75,200,Guard
202730,81,260,Forward-Center
76027,74,175,Guard
2124,82,255,Forward
76025,80,220,Forward
951,77,205,Guard
76029,78,195,Forward
200984,83,250,Center
76030,80,220,Forward
201165,78,225,Guard
1747,74,175,Guard
680,82,270,Forward-Center
202329,81,220,Forward
200811,81,220,Forward
76034,75,200,Forward
101187,78,220,Forward-Guard
76035,74,200,Guard
76036,74,185,Guard
1507,77,195,Guard
76037,75,185,Guard
944,81,220,Forward
246,82,250,Center-Forward
202341,78,213,Guard-Forward
76040,77,195,Guard
1626147,78,230,Guard-Forward
76041,79,200,Forward
203937,81,230,Forward
76042,71,184,Guard
76043,80,195,Forward
98,78,228,Forward-Guard
76045,82,240,Forward
76046,79,215,Forward
201583,82,240,Forward
1000,78,215,Guard-Forward
335,80,200,Guard-Forward
76048,79,220,Center
101149,86,240,Center
76049,79,190,Forward
76050,79,225,Forward
1512,84,249,Center
203507,83,242,Forward
1628961,82,200,Forward
21,73,180,Guard
201202,81,245,Center
203544,83,260,Forward-Center
1628384,80,232,Forward
2737,83,270,Center
76053,76,210,Forward
76054,73,150,Guard
2425,83,250,Forward
1627853,75,200,Guard
76055,81,215,Center
2240,76,215,Guard
2772,80,215,Forward
76056,76,190,Forward
76057,81,230,Forward
769,74,185,Guard
76061,80,220,Center
2220,77,185,Guard
353,73,180,Guard
200756,83,235,Forward-Center
76060,71,170,Guard
76059,75,175,Guard
76062,77,220,Forward
76063,74,175,Guard
76064,77,205,Forward
2306,74,200,Guard
201589,81,235,Forward
76065,76,185,Guard
1628503,79,213,Guard
201600,84,255,Center
173,80,215,Forward-Guard
76068,74,185,Guard
76069,74,190,Guard
1088,71,185,Guard
76070,73,175,Guard
76071,70,137,Guard
278,80,213,Forward-Guard
201571,72,183,Guard
200788,82,235,Forward
76073,72,170,Guard
76074,81,205,Forward
138,81,240,Center
76076,74,170,Guard
1895,74,180,Guard
76078,82,235,Center
201965,81,250,Forward-Center
1629028,85,250,Forward
101235,77,215,Guard
203569,77,225,Guard
202337,81,225,Forward
76079,84,240,Center
76080,74,180,Forward
1628407,79,221,Guard-Forward
76081,76,205,Forward
2053,85,290,Center
76082,72,185,Guard
1628963,83,234,Forward
76084,84,210,Center
76083,77,185,Guard
76085,81,220,Forward
1847,83,247,Forward
1753,78,213,Guard
203946,81,250,Forward-Center
203946,81,250,Forward-Center
76089,72,180,Guard
452,83,240,Forward
76090,80,210,Forward
1628366,78,190,Guard
76091,79,215,Forward
76092,76,195,Forward
1628964,84,221,Center
76093,79,215,Forward
2556,74,205,Guard
76094,81,235,Forward
76095,81,200,Forward
76096,78,210,Forward
2571,75,194,Guard
76097,77,190,Guard
200826,72,185,Guard
76098,74,185,Guard
76099,83,225,Center
787,78,252,Forward
2057,73,185,Guard
76102,78,200,Forward
203084,80,225,Forward
76103,75,205,Forward
76105,80,210,Center
76104,81,210,Forward
2440,79,226,Forward
76107,76,190,Guard
76106,76,170,Guard
76108,73,180,Guard
76109,76,205,Guard
76110,76,190,Forward
76111,75,205,Forward
76112,75,180,Guard
76113,76,195,Guard
2853,84,250,Forward-Center
344,71,165,Guard
699,79,210,Guard
1003,77,191,Guard
600013,79,205,Forward
76117,78,195,Forward
76118,84,230,Center
203115,78,190,Guard
101188,77,215,Guard
76119,79,190,Forward
101138,80,250,Forward
76120,80,225,Forward
1766,82,230,Forward
76121,76,210,Guard
1628966,81,229,Forward
101212,82,268,Forward-Center
1499,83,240,Center
2203,80,220,Forward
174,74,175,Guard
76123,78,210,Guard
76124,82,240,Center
201587,80,200,Forward-Guard
76125,77,200,Forward
76126,70,170,Guard
2437,80,260,Forward
201573,75,200,Guard
76127,77,225,Forward
203382,82,260,Center-Forward
76128,74,168,Guard
203145,77,201,Guard
76129,75,200,Forward
203078,77,207,Guard
76130,75,185,Guard
76131,70,175,Guard
2602,81,237,Forward
1627736,77,195,Guard
76133,81,225,Center
201958,74,185,Guard
76134,81,225,Center
1133,75,200,Guard
76136,76,190,Guard
76137,73,185,Guard
76138,84,225,Center
76139,77,185,Center
76140,81,185,Forward
76141,79,210,Center
201158,77,210,Guard-Forward
2294,75,200,Guard
76142,77,185,Forward
1628395,81,224,Forward
1952,77,210,Guard
2559,73,180,Guard
76143,72,180,Guard
76144,82,225,Center
1627761,78,210,Guard-Forward
76145,75,185,Forward
76146,76,185,Guard
1627733,85,225,Forward
1886,84,230,Forward
712,81,235,Center-Forward
76151,79,200,Forward
76148,72,175,Guard
76152,79,210,Guard
128,80,220,Forward
76154,83,235,Center
76155,71,175,Guard
76156,80,210,Center
76157,80,205,Forward
76158,80,215,Forward
1629541,76,200,Guard
202722,82,225,Forward
76159,71,165,Guard
696,71,182,Guard
201976,73,185,Guard
76160,75,185,Guard
76161,71,175,Guard
76162,73,185,Guard
1710,74,195,Guard
76163,73,175,Guard
76164,79,240,Center
76165,79,215,Forward
1497,75,210,Guard
76166,75,180,Guard
76167,80,235,Forward
203920,81,233,Center
1628444,78,198,Guard
76168,78,210,Forward
1449,81,220,Forward
76170,75,190,Guard
76171,75,195,Forward
202687,81,255,Center
202357,82,234,Forward
76172,85,252,Center
76173,76,200,Forward
76174,77,185,Guard
204028,81,250,Forward-Center
76175,82,220,Center
76176,78,190,Guard
76180,78,250,Forward
76177,78,210,Forward
1806,72,190,Guard
76179,76,170,Guard
2581,75,172,Guard
202392,77,225,Forward
1628469,76,192,Guard
200807,72,205,Guard
76182,73,175,Guard
76183,76,190,Guard
76184,79,215,Forward
101154,83,260,Center-Forward
202339,73,205,Guard
76186,74,160,Guard
76187,82,207,Forward
76188,78,190,Center
1628417,80,220,Forward
916,82,242,Forward-Center
1548,84,250,Center-Forward
1629129,78,198,Guard-Forward
76189,76,185,Guard
76190,72,170,Guard
76191,76,200,Guard
76192,84,265,Center
2586,77,215,Guard-Forward
203992,78,205,Guard
202711,80,216,Forward
101106,84,260,Center
76195,90,200,Center
1628413,82,220,Forward
76196,77,205,Forward
76197,76,195,Guard
76203,80,220,Forward
76198,74,175,Guard
1603,77,200,Guard
1629067,80,180,Guard
76201,76,192,Forward
41,80,230,Forward
2588,82,235,Center-Forward
1626164,78,210,Forward
511,74,185,Guard
202344,80,228,Forward
200767,82,240,Forward-Center
76204,74,200,Guard
1916,83,230,Center
1522,78,226,Forward
76206,80,215,Forward
2430,81,258,Forward
2414,84,242,Center
76207,77,200,Forward
1953,80,220,Forward
76209,80,220,Center
76210,77,210,Forward
2547,83,235,Forward
76211,79,225,Forward
76212,80,225,Forward
76213,80,220,Forward
1628449,82,200,Forward
2257,84,257,Center
76214,76,210,Forward
1898,82,253,Forward
1477,79,200,Forward
194,78,200,Guard
76217,85,235,Center
76219,82,230,Center
76221,73,175,Guard
76222,74,180,Guard
76223,77,195,Forward
1863,65,133,Guard
76224,81,225,Center
76225,78,185,Guard
76226,73,175,Guard
202342,82,230,Forward
76227,80,210,Forward
76228,78,215,Forward
76229,78,190,Forward
202340,74,180,Guard
76233,77,205,Forward
76230,77,215,Guard
76231,78,195,Guard
76232,75,175,Guard
2214,82,245,Forward
762,90,275,Center
1628396,82,248,Center
1361,82,265,Center
66,80,230,Forward
1765,80,245,Forward
76237,79,185,Forward
1882,81,254,Forward
210,71,173,Guard
76238,78,215,Forward
76239,82,220,Forward
76240,79,195,Forward
76241,73,170,Guard
76242,74,185,Guard
76243,77,180,Guard
2452,74,185,Guard
76245,78,205,Forward
76246,75,195,Forward
76247,87,230,Center
201147,81,186,Guard-Forward
76248,81,210,Forward
76249,76,180,Guard
200758,79,235,Forward
2056,85,255,Center
76250,73,180,Guard
76252,77,210,Forward
76253,77,228,Forward
1628969,79,210,Forward
1628970,79,225,Forward
76254,74,195,Forward
76255,76,175,Forward
76256,77,210,Forward
76257,79,210,Forward
76258,76,190,Guard
76259,74,185,Guard
76260,84,235,Center
76261,76,180,Guard
201972,79,255,Forward
1629151,79,215,Guard-Forward
76262,76,185,Guard
1627763,77,229,Guard
76263,76,178,Guard
76264,76,185,Forward
201166,72,161,Guard
1628415,78,220,Guard-Forward
76265,78,200,Forward
76266,79,220,Forward
418,71,165,Guard
1626148,79,224,Forward-Guard
76284,76,205,Forward
1628971,77,202,Guard
359,80,220,Forward
76270,74,175,Forward
201974,80,233,Forward
2484,77,210,Guard
2081,84,244,Center
76272,75,182,Guard
76273,78,190,Forward
1871,76,210,Guard
76275,72,155,Guard
203913,77,214,Guard
1627759,79,220,Guard
76276,79,220,Forward
2198,83,290,Center
76278,75,190,Forward
76279,83,225,Center
203900,75,190,Guard
1479,82,260,Center-Forward
76277,75,180,Forward
136,83,239,Forward-Center
753,74,190,Guard
76282,80,220,Forward
76283,82,215,Center
76286,83,225,Center
76285,75,200,Forward
1628425,78,232,Guard
76268,78,185,Forward
1628972,79,215,Forward
76287,82,235,Center
76288,78,210,Forward
1628973,75,190,Guard
1594,76,190,Guard
76289,73,175,Guard
76290,82,185,Forward
977,78,212,Forward-Guard
95,81,250,Forward
1628418,83,248,Center
76291,84,245,Center
76292,81,250,Forward
76293,79,210,Forward
76294,78,215,Forward
76295,81,210,Forward
1761,76,210,Guard
76296,75,190,Guard
76297,78,205,Forward
201978,79,209,Forward
76298,77,220,Forward
146,78,228,Guard-Forward
1934,77,195,Forward-Guard
672,82,229,Forward
203493,79,205,Guard-Forward
76300,78,190,Forward
76301,72,170,Guard
76302,79,250,Center
76303,74,185,Guard
2469,83,250,Center-Forward
203504,73,175,Guard
76304,77,175,Guard
202692,78,214,Guard
2766,72,195,Guard
101207,75,205,Guard
76305,86,225,Center
76306,75,190,Guard
76307,74,180,Guard
76308,80,260,Forward
76309,75,195,Guard
197,79,218,Guard
76311,77,220,Forward
675,80,242,Forward
76313,79,228,Center
1629126,77,245,Guard-Forward
76314,78,225,Forward
76316,74,185,Guard
76317,76,190,Guard
202221,83,240,Center
76318,74,200,Guard
76319,74,175,Guard
2406,79,228,Forward
202364,79,230,Forward
76320,83,240,Center
2866,82,260,Center
202710,80,232,Guard-Forward
348,77,210,Guard
202779,75,190,Guard
201182,79,220,Guard-Forward
101115,84,285,Center
101198,72,185,Guard
76321,79,215,Forward
76322,75,175,Guard
76323,73,170,Forward
2560,83,230,Forward-Center
76324,79,175,Forward
203998,81,218,Forward
679,80,256,Forward
76326,73,175,Guard
201979,78,213,Guard
101181,75,200,Guard
76328,82,240,Center
76329,77,195,Forward
203484,77,205,Guard
76331,75,180,Forward
76330,79,210,Forward
76332,73,165,Guard
76333,73,180,Guard
76334,78,180,Guard
76335,70,145,Guard
76336,72,165,Guard
76337,79,224,Forward
948,83,240,Center-Forward
922,84,279,Center-Forward
76338,79,215,Forward
76339,76,195,Guard
203991,82,240,Center
202382,81,275,Forward
2073,80,240,Forward
76340,69,160,Guard
76341,77,195,Forward
76342,77,210,Guard
76343,83,235,Center
76344,72,170,Guard
76345,75,170,Center
76346,77,200,Forward
76348,76,200,Guard
1757,76,210,Guard
76350,79,220,Forward
76351,78,205,Forward
76352,78,195,Guard
201960,80,215,Forward
76353,84,225,Center
76355,77,180,Guard
76356,75,185,Guard
76357,76,210,Forward
76358,77,215,Guard
76359,76,195,Forward
1628975,74,196,Guard
2466,77,210,Guard
76360,75,175,Guard
76361,77,190,Guard
1713,78,220,Guard-Forward
1628976,82,255,Center
203487,78,190,Guard
76362,85,245,Center
76363,79,220,Forward
1627936,77,186,Guard
76364,80,215,Forward
208,75,185,Guard
76365,81,218,Center
767,80,220,Forward
76367,78,230,Forward
1509,83,275,Center
76368,81,250,Forward
1626161,84,240,Center
1628505,76,210,Guard
190,84,255,Center
1628463,81,238,Forward
76370,85,230,Center
76,79,220,Forward
1911,75,190,Guard
76373,71,170,Guard
2763,72,180,Guard
201596,74,190,Guard
76374,78,188,Forward
76375,85,250,Center
76376,77,185,Forward
76378,82,230,Forward
2199,85,240,Center
201163,81,225,Forward
76379,77,210,Guard
76380,75,185,Forward
76382,80,240,Forward
76383,75,180,Guard
76384,79,225,Forward
1629147,75,190,Guard
384,79,210,Guard-Forward
76385,73,180,Guard
76386,75,180,Guard
76387,79,195,Forward
432,82,245,Forward
164,75,195,Guard
1629185,72,175,Guard
76391,74,190,Forward
76392,83,220,Center
1627737,82,240,Forward
76393,76,210,Guard
76394,77,210,Forward
76395,82,255,Center
1626176,81,250,Forward
203902,75,190,Guard
928,78,195,Forward
76397,74,175,Guard
76398,76,210,Guard
201947,82,234,Forward
1629109,80,225,Forward
203546,75,175,Guard
1721,83,221,Center-Forward
203903,77,194,Guard
1127,84,265,Center
2049,71,170,Guard
76402,75,185,Guard
76403,78,210,Forward
1628499,78,195,Guard
76404,78,220,Center
76406,78,195,Forward
1569,87,212,Center
76407,74,180,Guard
76408,82,235,Center
76409,79,198,Forward
76410,78,212,Guard
76411,75,190,Guard
202708,74,175,Guard
76412,81,235,Forward
76413,80,225,Forward
76414,79,195,Forward
76415,80,210,Forward
902,74,182,Guard
2044,84,260,Center
76416,76,185,Guard
76418,78,190,Guard
76421,78,180,Guard
1530,76,196,Guard
2215,84,255,Center
76419,74,175,Guard
1628381,82,235,Forward
200776,78,220,Guard
1628380,84,235,Forward-Center
1627858,78,210,Guard
201954,72,175,Guard
2555,82,255,Forward-Center
76422,77,210,Forward
1629045,78,225,Forward
2173,72,175,Guard
306,75,165,Guard
76425,80,210,Forward
76426,81,205,Center
76427,77,210,Guard
76428,80,225,Center
201144,73,175,Guard
76429,78,200,Forward
1626192,76,209,Guard
76431,76,180,Guard
76432,77,190,Forward
76433,81,205,Forward
76434,75,185,Guard
76438,70,155,Guard
2567,81,250,Center-Forward
201161,77,210,Guard
76435,75,184,Guard
76436,82,215,Forward
76437,80,210,Forward
2241,73,190,Guard
1626188,74,179,Guard
1628429,77,196,Guard
76439,80,230,Forward
76440,75,175,Guard
204022,82,274,Center-Forward
76442,77,210,Forward
1030,73,185,Guard
76443,82,230,Center
76444,79,170,Guard
76441,82,220,Center
76446,82,275,Forward
76447,78,180,Forward
76448,78,190,Forward
76450,72,185,Guard
76452,72,180,Guard
76453,83,250,Center
76454,73,186,Guard
1627856,82,240,Forward-Center
203955,73,165,Guard
76456,79,200,Forward
76457,79,225,Forward
76458,84,230,Center
76459,73,188,Guard
202408,83,255,Forward
202326,83,270,Center
600003,73,175,Guard
203496,81,225,Forward
76462,81,230,Center
76463,74,180,Guard
76464,76,180,Guard
76465,78,215,Forward
203459,78,212,Guard-Forward
1628470,79,215,Forward
1544,81,235,Forward
76466,76,189,Guard
2037,77,185,Forward
201621,77,210,Guard
202348,77,195,Guard
1628249,78,225,Forward-Guard
76468,80,200,Forward
76469,84,235,Center
76470,75,215,Forward
2343,72,185,Guard
76471,68,165,Guard
76472,79,233,Forward
201159,77,200,Guard
76473,76,205,Forward
76474,83,280,Center
76475,76,195,Guard
76476,82,240,Forward
76477,81,230,Center
76478,82,215,Center
76479,73,165,Guard
76481,79,210,Forward
76482,77,214,Forward
203109,78,235,Forward
76483,81,230,Center
76487,78,210,Forward
201967,80,230,Forward
76485,82,245,Center
1061,83,240,Center
76488,82,275,Center
76489,72,198,Forward
76492,72,175,Guard
209,77,205,Guard-Forward
203552,74,185,Guard
201939,75,190,Guard
687,85,260,Center
76505,75,185,Guard
76496,77,190,Forward
76497,75,180,Guard
76498,76,200,Forward
956,83,265,Center
76499,72,170,Guard
76500,78,195,Forward
1498,76,205,Guard
2605,78,200,Forward
76502,81,220,Center
203584,76,205,Forward
390,78,200,Guard
76504,77,208,Forward
76506,79,217,Center
76507,73,170,Guard
76509,76,210,Guard
76511,70,170,Guard
203540,80,215,Forward
921,84,245,Center
1600,81,230,Forward
201176,82,230,Forward
76514,73,175,Guard
203076,82,253,Forward-Center
76515,74,175,Guard
1884,75,212,Guard
76538,75,215,Forward
76533,79,215,Forward
76516,75,180,Guard
76517,79,200,Forward
76518,79,215,Forward
76519,73,160,Guard
905,83,252,Center-Forward
1627738,83,237,Guard
76521,80,220,Forward
202334,82,225,Center
76522,79,195,Forward
1023,77,195,Guard
201175,81,289,Forward-Center
76523,79,220,Forward
93,77,183,Guard
76524,79,220,Center
76525,81,225,Center
76526,74,170,Guard
707,79,205,Guard-Forward
76528,78,195,Forward
76529,78,220,Forward
76530,82,230,Forward
76531,75,185,Guard
76520,79,205,Forward
76532,76,180,Guard
76534,78,198,Guard
426,82,270,Center-Forward
76536,80,205,Center
1453,78,193,Guard
76539,83,251,Center
1008,74,165,Guard
76541,77,190,Forward
1626183,78,225,Forward
76542,79,215,Forward
201948,83,220,Forward
76543,80,220,Forward
201986,77,195,Guard
76545,78,220,Forward
76551,78,220,Center
201942,79,220,Guard
76562,77,215,Forward
76544,76,190,Guard
203473,84,245,Center
76546,80,205,Forward
143,76,190,Guard
1626155,81,230,Forward
1627098,75,190,Guard
183,83,260,Center-Forward
2568,78,230,Guard-Forward
1629116,82,245,Center
960,74,189,Guard
203521,76,200,Guard
76552,77,215,Forward
76553,81,225,Forward
76555,75,190,Guard
2736,81,237,Forward
76556,80,220,Forward
76557,74,175,Guard
76558,82,240,Center
76559,72,175,Guard
1629094,79,249,Forward
76560,73,170,Guard
76561,77,195,Guard
76568,72,180,Guard
1628978,76,203,Guard
1760,76,184,Guard
1627767,81,220,Forward
1628977,77,198,Guard
2564,80,250,Center-Forward
200821,79,225,Forward-Guard
2424,72,180,Guard
76563,76,190,Guard
1722,77,190,Guard
76564,79,218,Forward
76565,73,175,Guard
101143,73,175,Guard
203476,83,252,Center
76566,82,222,Center
76567,83,220,Center
76569,75,170,Guard
76570,75,190,Forward
76571,75,180,Forward
76574,73,170,Guard
76575,77,210,Forward
76576,79,220,Forward
203915,78,210,Guard
2205,84,280,Center
76577,79,189,Forward
76578,75,210,Guard
124,85,260,Center
2413,75,165,Guard
76580,77,175,Forward
1720,83,262,Center
76581,72,175,Guard
76582,76,195,Forward
76583,86,275,Center
1629029,79,218,Forward-Guard
76584,74,190,Guard
76586,71,171,Guard
76585,74,180,Guard
2039,75,195,Guard
76587,79,230,Forward
1628416,77,183,Guard
1628422,78,210,Guard
200763,75,175,Guard
76588,75,195,Guard
76589,74,170,Guard
76590,82,230,Center
76592,80,198,Forward
202220,75,191,Guard
76593,78,210,Center
76594,80,225,Center
76595,80,200,Forward
1628495,76,180,Guard
1628408,78,205,Guard-Forward
76596,81,210,Forward
201609,75,190,Guard
204054,77,200,Guard-Forward
1068,85,265,Center
76598,78,205,Forward
76599,73,170,Guard
203580,74,180,Guard
17,79,222,Guard
1041,77,215,Guard-Forward
76603,79,215,Forward
1542,83,270,Center
76604,86,250,Center
203083,83,279,Center
76623,75,175,Guard
76605,73,185,Guard
404,84,300,Center
76607,74,180,Guard
201,83,260,Center
201162,79,237,Forward
76608,74,180,Guard
76609,76,175,Forward
76610,75,185,Guard
2768,73,190,Guard
1626251,81,220,Forward
76611,84,220,Center
247,75,195,Guard
30,79,225,Forward
76615,78,195,Forward
1495,83,250,Center-Forward
2399,81,230,Guard-Forward
76616,75,180,Guard
1627739,76,205,Guard
76617,74,170,Guard
76618,76,192,Guard
201142,81,240,Forward
76619,75,195,Guard
1090,79,210,Forward
76621,79,200,Forward
76622,79,190,Forward
1628979,74,189,Guard
76624,76,200,Forward
76625,80,190,Forward
76626,78,225,Forward
202406,75,180,Guard
289,77,231,Guard
76628,83,215,Center
768,83,240,Forward-Center
76630,75,190,Forward
203921,80,210,Forward
76631,88,275,Center
76632,76,180,Guard
202365,81,215,Forward
76633,76,190,Guard
76634,78,225,Forward
2569,81,195,Forward
204067,79,218,Guard-Forward
76635,83,240,Center
76636,74,189,Forward
76637,80,205,Forward
76638,77,195,Guard
721,70,166,Guard
76646,80,215,Forward
346,79,235,Forward
76641,73,170,Guard
229,85,252,Center
76643,76,185,Forward
2823,84,275,Center
236,75,210,Guard
1629053,80,225,Forward
76647,72,180,Guard
76648,72,170,Guard
76649,75,198,Guard
76651,75,200,Guard
458,74,185,Guard
2064,70,200,Guard
76653,74,210,Forward
53,77,225,Guard-Forward
76655,80,230,Center
1627740,83,245,Forward
201961,77,200,Guard
76656,81,225,Center
251,80,220,Forward
76658,77,185,Forward
76664,81,197,Forward
1677,77,220,Forward-Guard
76661,78,175,Forward
111,80,240,Forward
1034,81,225,Center
76663,83,210,Forward
101145,75,185,Guard
600010,82,220,Center
76667,75,190,Guard
2408,82,260,Center-Forward
203954,84,250,Forward-Center
76668,80,240,Center
76669,74,200,Forward
76670,83,245,Center
76671,80,245,Forward
76672,75,175,Guard
76673,80,190,Forward
76674,76,185,Guard
76676,76,195,Guard
203119,78,200,Guard
76675,78,205,Forward
76677,76,205,Forward
203898,75,194,Guard
203516,79,210,Forward
76678,78,195,Forward
201623,84,240,Center
76679,75,220,Forward
76680,77,195,Forward
76681,79,200,Forward
1915,83,250,Center
76682,77,200,Center
76683,75,198,Guard
1629234,82,245,Forward
76687,74,175,Guard
76685,80,202,Forward
1628980,78,210,Guard
1628393,72,190,Guard
202379,81,200,Forward
2230,77,220,Guard-Forward
76686,73,170,Guard
2501,80,245,Center-Forward
101137,75,185,Guard
121,84,255,Center
201607,80,235,Forward
203957,78,190,Guard
201963,79,210,Forward
203105,83,265,Center
76690,73,190,Forward
76691,79,205,Forward
76692,73,185,Forward
202702,80,220,Forward-Center
76693,76,190,Guard
76695,76,190,Forward
76694,79,210,Forward
1108,81,244,Forward
76696,77,185,Forward
203543,83,260,Center
202324,82,265,Forward-Center
201174,83,235,Forward
76697,78,190,Forward
76698,75,190,Guard
76699,76,185,Guard
994,80,255,Forward
76701,75,185,Guard
76702,73,185,Guard
76703,83,235,Center
1627770,69,176,Guard
1626245,82,265,Forward-Center
203467,78,201,Guard-Forward
101230,81,225,Forward
76704,83,220,Center
101109,73,205,Guard
76705,72,180,Guard
76706,75,190,Forward
2724,79,210,Forward
1628390,79,190,Guard-Forward
76707,82,205,Center
76708,76,190,Guard
76709,85,240,Forward
273,79,215,Forward
1627812,72,180,Guard
76711,76,180,Forward
76712,80,230,Center
198,82,235,Forward
201178,85,280,Center
76713,77,220,Forward
202361,79,215,Guard-Forward
76714,77,205,Forward
76715,85,240,Center
76716,84,240,Center
714,79,225,Guard-Forward
76717,73,185,Guard
1627827,80,220,Forward
965,73,210,Guard
76720,77,190,Forward
76719,74,175,Forward
76721,74,190,Guard
76722,79,215,Forward
76723,75,189,Guard
313,77,185,Guard
2784,74,195,Guard
76725,80,225,Forward
76726,75,170,Guard
201938,72,185,Guard
76727,74,180,Guard
76728,77,205,Guard
76729,75,170,Forward
76731,76,190,Guard
1627854,75,190,Guard
201814,79,220,Forward
76732,73,190,Forward
76733,77,190,Guard
76734,81,215,Forward
76735,75,180,Guard
76736,74,175,Guard
726,79,210,Forward
76738,70,175,Guard
76739,82,235,Center
2218,76,194,Guard
202622,71,185,Guard
1504,80,260,Center-Forward
76740,77,210,Forward
323,83,250,Center
1902,83,250,Forward-Center
76742,73,160,Guard
2238,82,219,Forward
203095,79,205,Guard-Forward
76744,81,215,Center
76745,79,230,Center
1628368,75,175,Guard
76746,74,175,Guard
76747,82,230,Center
296,79,235,Forward
200751,76,218,Guard
1502,82,270,Center
1883,75,210,Guard
76748,82,225,Forward
76749,72,195,Forward
203479,77,191,Guard
1626187,76,200,Guard
204025,73,170,Guard
76750,76,200,Guard
76751,79,210,Forward
1628982,78,200,Guard-Forward
76752,79,205,Forward
202690,74,195,Forward
76753,75,185,Guard
200777,82,225,Center-Forward
76754,75,185,Guard
76755,81,210,Forward
76756,79,225,Forward
76757,74,195,Forward
76758,76,185,Guard
76759,76,195,Guard
76760,80,210,Center
101112,84,255,Forward-Center
76761,75,185,Guard
76762,74,175,Forward
76763,72,170,Guard
76764,77,190,Forward
76765,76,180,Guard
1628365,76,200,Guard
1444,81,230,Forward
76767,77,190,Guard
76768,71,170,Guard
1629117,81,205,Forward
2429,83,240,Center
202070,80,205,Forward
76770,75,195,Guard
202178,73,200,Guard
76771,76,185,Guard
76772,82,255,Center
76773,78,210,Forward
201568,82,225,Forward
204038,74,200,Guard
76774,78,215,Forward
76776,76,205,Forward
76778,75,195,Forward
201242,77,225,Guard
76779,77,200,Center
76780,72,190,Guard
1627868,78,203,Guard-Forward
76781,76,180,Guard
76782,74,170,Guard
76783,75,200,Guard
1612,70,156,Guard
76785,81,225,Forward
708,83,240,Forward
1628656,78,215,Guard-Forward
76786,79,190,Forward
1051,83,250,Center
203197,76,190,Guard
76788,75,185,Guard
76789,78,210,Forward
76790,74,185,Guard
76791,80,205,Forward
1619,74,183,Guard
1727,81,238,Forward
76793,79,200,Forward
201188,85,255,Center
2200,84,250,Center-Forward
76794,72,160,Guard
930,80,225,Forward
200752,80,230,Forward
76797,76,210,Guard
1627771,79,200,Guard-Forward
1002,74,187,Guard
101153,79,215,Forward
1904,80,235,Forward
76800,75,190,Guard
202331,81,220,Forward
76801,77,190,Guard
1627875,77,226,Guard
76802,80,200,Forward
76803,80,200,Forward
76804,79,180,Guard
76805,76,205,Center
76806,82,220,Center
76807,77,210,Forward
200789,74,200,Guard
76808,71,175,Guard
1626780,74,185,Guard
76809,75,180,Guard
76810,82,205,Forward
201959,81,232,Forward
76811,77,198,Center
201592,77,215,Guard
1628385,82,240,Forward-Center
1628983,78,181,Guard
76812,84,235,Center
288,81,260,Forward
76815,75,190,Guard
600014,86,240,Center
76817,78,225,Forward
76818,76,225,Forward
1938,78,205,Guard
1921,78,220,Guard
76819,77,205,Forward
202148,83,220,Center
76820,78,225,Center
76822,74,175,Guard
76823,78,190,Forward
76824,80,235,Forward
76825,80,210,Forward
76826,83,250,Center
203497,85,245,Center
76827,82,250,Forward
76828,78,205,Guard
76829,73,185,Forward
76830,78,218,Forward
76831,77,205,Guard
2400,82,250,Forward
76832,73,170,Guard
1864,82,220,Center
203462,77,205,Guard
1629164,74,180,Guard
76833,74,203,Forward
203932,81,220,Forward
2732,75,205,Guard
201569,76,215,Guard
76834,75,185,Guard
76835,75,185,Forward
76836,71,180,Guard
202726,75,200,Guard
76837,71,185,Guard
76838,80,195,Forward
76839,73,180,Guard
1628984,74,185,Guard
101121,79,230,Forward
76843,73,185,Guard
76841,80,220,Forward
76842,78,200,Guard
101211,78,215,Guard-Forward
1626203,77,225,Guard-Forward
76844,84,235,Center
97,78,220,Forward
101122,81,222,Forward-Guard
76847,75,190,Guard
258,81,254,Forward-Center
76850,75,195,Forward
285,67,140,Guard
265,81,225,Forward
270,82,245,Center
203924,81,220,Forward
1626170,76,205,Guard
76852,81,223,Forward
76853,79,215,Forward
1629055,80,215,Forward
76854,74,185,Guard
76855,75,200,Forward
201189,84,270,Center
1516,75,210,Guard
76859,73,185,Guard
76860,80,240,Forward
76861,84,235,Center
76862,78,230,Forward
76863,73,175,Guard
81,77,210,Guard
76865,79,206,Forward
920,81,225,Forward
201980,78,215,Guard-Forward
203110,79,230,Forward
101123,79,205,Guard-Forward
203210,81,227,Forward
201145,81,235,Forward
76867,77,200,Forward
76868,80,215,Forward
76869,78,210,Guard
600011,79,210,Forward
76872,79,190,Forward
76873,82,200,Center
76874,72,170,Guard
76875,77,210,Guard
76877,74,185,Guard
76876,81,220,Forward
76878,79,220,Forward
201192,72,177,Guard
76879,74,185,Guard
2584,75,205,Guard
201590,83,226,Forward
76880,77,195,Forward
76881,81,222,Forward
76882,74,175,Guard
2696,74,175,Guard
76883,79,225,Forward
76884,80,205,Forward
76885,79,215,Forward
76886,77,180,Forward
76887,77,210,Guard
1559,77,230,Guard-Forward
201933,82,250,Forward
76888,79,190,Forward
76889,81,205,Forward
201981,79,238,Forward
76890,76,190,Guard
76891,77,190,Guard
76893,73,185,Guard
76894,71,180,Guard
76895,78,200,Forward
76896,76,215,Guard
76897,79,218,Center
101219,75,185,Guard
76899,78,210,Guard
76900,77,220,Forward
76901,86,260,Center
76902,76,195,Guard
339,82,250,Forward
76903,82,225,Center
76904,82,255,Center
76905,76,190,Forward
76906,79,190,Forward
76907,77,200,Forward
76908,78,175,Guard
76909,75,195,Guard
203268,75,189,Guard
2062,74,185,Guard
2775,87,305,Center
76910,81,210,Forward
201632,86,265,Center
76911,75,180,Guard
76912,76,210,Forward
76913,72,170,Guard
76914,82,240,Center
76915,73,170,Guard
76916,79,225,Forward
76917,79,180,Forward
201612,78,220,Guard
203798,78,230,Forward-Guard
76918,81,225,Center
76919,87,235,Center
76920,73,170,Guard
76922,77,199,Guard
200837,80,230,Forward
76923,77,193,Guard
1032,79,240,Forward-Guard
984,84,245,Center
76925,72,180,Guard
76926,80,210,Forward
202706,79,220,Guard-Forward
203120,84,255,Center
76927,73,188,Guard
1888,79,193,Guard
76928,74,180,Guard
76929,78,190,Forward
2347,80,205,Forward
676,86,330,Center
903,84,262,Forward-Center
1627773,84,260,Center
241,79,205,Forward
1052,82,240,Center
76935,73,175,Guard
76936,80,195,Forward
76937,79,210,Forward
76938,79,200,Forward
76939,74,210,Guard
203162,75,203,Guard
76942,78,190,Guard
76940,76,205,Guard
76941,82,225,Center
2580,78,205,Guard-Forward
1682,80,195,Forward
76944,79,185,Forward
202376,79,245,Forward
203501,78,205,Guard-Forward
201935,77,220,Guard
76945,84,249,Center
76946,80,225,Forward
76947,78,195,Guard
76948,80,220,Forward
76949,74,180,Guard
203090,81,220,Forward
76950,74,175,Guard
76951,73,185,Guard
76952,76,190,Guard
157,76,206,Guard
76954,82,195,Center
166,78,215,Guard
1723,79,230,Forward
1626149,80,240,Forward-Center
202725,82,275,Forward-Center
2492,77,200,Guard
1733,81,245,Forward
2454,76,190,Guard
970,81,235,Forward-Center
76956,76,185,Guard
76957,82,200,Forward
76959,79,195,Forward
76958,75,190,Guard
2734,75,185,Guard
203914,76,210,Guard
203925,78,218,Forward-Guard
202412,77,185,Guard
76960,77,195,Guard
202227,76,190,Guard
202699,81,235,Forward
76961,75,190,Guard
1626151,78,210,Guard
76962,73,190,Guard
2758,84,280,Center
1627885,76,190,Guard
1628404,77,215,Guard
1628392,84,249,Forward-Center
176,83,250,Forward-Center
202238,75,190,Guard
321,83,250,Forward
76965,75,195,Guard
2617,80,235,Forward
2239,77,227,Forward-Guard
76967,70,180,Guard
76966,77,180,Guard
76968,82,235,Forward
2213,81,242,Forward
76969,75,195,Guard
76970,77,203,Forward
201150,85,245,Forward-Center
76971,81,220,Center
76972,80,210,Forward
765,75,200,Guard
1038,79,205,Forward
76974,75,205,Forward
76975,76,190,Guard
76977,77,210,Forward
76978,76,190,Guard
76979,81,235,Forward
2553,80,228,Forward
1628502,79,254,Forward
76980,84,205,Center
202330,80,225,Forward
2217,84,263,Center
76981,80,225,Forward
76982,74,172,Guard
76983,74,185,Guard
76984,74,180,Guard
76985,78,219,Forward
203687,77,210,Guard
76986,77,170,Guard
76987,80,225,Forward
76988,79,218,Forward
76989,78,220,Forward
673,81,240,Forward-Center
1538,79,225,Forward
76990,80,210,Forward
76991,77,195,Guard
76993,74,175,Guard
201945,77,215,Guard
1764,80,233,Forward
76992,83,230,Forward
76994,76,195,Guard
76996,75,190,Guard
76998,75,185,Guard
76999,79,225,Forward
77000,81,190,Center
77004,81,215,Center
77001,78,205,Guard
77002,79,195,Guard
1627988,78,210,Forward
77003,79,190,Guard
203089,83,219,Forward-Center
77006,75,170,Guard
77007,81,225,Center
1627823,81,230,Forward
1626195,83,240,Center
1914,74,190,Guard
200835,81,225,Forward
77010,78,195,Guard
77011,70,175,Guard
77012,80,220,Forward
77013,79,210,Forward
77014,78,195,Forward
77015,77,205,Guard
1626209,80,225,Forward
201579,86,270,Center
77016,71,180,Guard
1628439,81,230,Forward
77017,79,205,Forward
201581,81,242,Center-Forward
1627741,76,214,Guard
1848,81,220,Forward
77019,79,200,Forward
77021,72,180,Guard
77022,75,185,Guard
1629312,79,220,Forward
77023,80,192,Forward
77024,76,190,Guard
77025,73,185,Guard
77026,76,185,Guard
201588,75,188,Guard
255,80,225,Forward
201195,82,240,Forward-Center
201941,82,240,Forward-Center
203524,79,225,Forward
77027,79,220,Center
1626199,78,220,Guard
77028,81,215,Forward
77029,75,185,Guard
2550,76,190,Guard
77030,81,210,Center
77031,66,165,Guard
77032,80,200,Forward
77034,74,190,Guard
77035,69,158,Guard
77036,74,195,Guard
77037,79,230,Forward
77038,81,240,Center
697,77,210,Guard
77039,76,200,Forward
1628988,73,185,Guard
201950,76,205,Guard
203200,78,181,Forward-Guard
77040,75,180,Guard
77041,76,185,Forward
77042,72,175,Guard
77043,75,185,Guard
77044,78,195,Forward
1626178,79,217,Forward
1626158,82,235,Forward
77045,75,180,Forward
77046,79,210,Forward
77047,76,185,Guard
77048,78,205,Center
77049,78,215,Forward
77050,70,175,Guard
1532,81,254,Forward-Guard
1967,80,222,Forward
203918,80,206,Guard
77051,81,230,Center
77052,80,205,Center
77053,83,235,Center
77054,77,200,Forward
77055,80,190,Forward
77056,80,220,Center
201143,82,245,Center-Forward
77057,85,245,Center
77058,79,220,Forward
204,76,190,Guard
109,82,240,Forward-Center
77060,80,230,Center
77061,79,225,Forward
77062,80,210,Center
2067,73,190,Guard
1627863,79,220,Forward-Guard
780,77,250,Forward
77064,80,205,Forward
77065,78,204,Forward
2730,83,265,Center
77066,81,215,Forward
436,81,250,Forward
77067,74,170,Guard
77069,79,220,Forward
77070,79,210,Forward
77072,78,215,Center
77071,80,215,Forward
201991,75,190,Guard
77074,77,210,Forward
1628989,79,190,Guard
203962,79,230,Guard
1572,85,245,Center
77076,77,215,Forward
77077,70,165,Guard
77078,83,220,Center
203133,81,219,Forward
77080,81,230,Forward
1629353,84,260,Forward-Center
77081,75,185,Guard
2743,81,235,Forward
77082,76,185,Guard
2599,79,266,Forward
77083,72,180,Forward
201805,83,240,Center-Forward
77084,79,210,Forward
1626154,77,185,Guard
2212,84,240,Center
310,72,165,Guard
77086,74,170,Forward
77087,74,175,Guard
77088,75,175,Forward
77089,78,200,Forward
1628990,79,197,Forward
77090,73,170,Guard
77091,78,215,Forward
77092,82,210,Forward
201586,82,235,Center-Forward
2738,78,215,Forward-Guard
980,87,260,Center
101148,85,255,Center
101141,82,235,Forward
77093,82,220,Center
77094,75,180,Guard
204060,80,226,Forward
203996,80,246,Forward
1627742,81,190,Forward
77095,72,210,Forward
77096,77,190,Guard
202681,75,193,Guard
1628371,82,210,Forward
77097,81,235,Center
77098,70,175,Guard
947,72,165,Guard
1628411,79,195,Forward
101127,75,200,Guard
1628935,75,183,Guard
77099,73,185,Guard
1517,73,185,Guard
202132,75,190,Guard
201616,81,253,Forward
1628402,75,205,Guard
77101,72,180,Guard
1114,78,225,Guard
1983,77,204,Guard
754,78,220,Forward-Guard
1628367,80,200,Forward
1628382,80,210,Forward
77103,81,240,Forward
1531,82,253,Forward
349,75,195,Guard
77104,74,183,Guard
77105,75,185,Guard
77106,80,220,Forward
77107,74,190,Guard
202704,75,208,Guard
77109,75,185,Guard
77100,72,170,Guard
77110,78,205,Guard
77111,79,200,Forward
1628991,83,242,Forward-Center
77112,75,175,Forward
2418,78,215,Guard
77114,77,190,Guard
77115,80,210,Forward
203108,82,235,Center
202345,79,225,Forward
77116,76,180,Forward
1744,85,285,Center
2544,80,250,Forward
2229,74,188,Guard
1906,79,214,Forward
1942,81,269,Forward
77120,75,200,Forward
77122,75,185,Forward
2060,79,224,Guard
77123,75,185,Forward
201605,82,280,Forward
77125,71,175,Guard
77126,80,210,Forward
2423,80,230,Forward
201785,77,210,Guard-Forward
2744,82,280,Center
1628518,81,222,Forward
200971,77,195,Guard
2210,79,233,Forward
2407,83,240,Forward
202724,75,215,Guard
2798,73,180,Guard
203098,76,215,Guard
201943,73,170,Guard
24,67,160,Guard
77129,84,237,Guard
201973,82,231,Forward
201998,73,195,Guard
203511,82,232,Forward
200817,71,175,Guard
200792,81,240,Forward
1628993,81,212,Forward
101161,81,240,Center-Forward
77131,77,215,Forward
1533,75,195,Guard
202356,75,195,Guard
77132,77,236,Forward
422,71,185,Guard
1629168,79,200,Forward
77130,79,190,Forward
77133,72,170,Guard
202419,83,210,Forward
203187,78,206,Forward
77135,76,175,Guard
77136,82,240,Center
1626177,84,255,Center
683,73,170,Guard
77138,79,210,Guard
77139,71,170,Guard
77141,76,185,Guard
2035,81,210,Forward-Guard
77144,74,180,Guard
77145,74,205,Guard
911,83,245,Center
77146,75,185,Guard
77147,83,245,Center
77148,79,210,Forward
77149,83,205,Center
77150,78,230,Forward
77151,78,240,Center
201274,80,255,Forward
202707,82,221,Forward
201949,80,240,Forward
2207,79,240,Guard-Forward
77152,79,200,Forward
77153,81,220,Forward
2256,82,240,Center-Forward
77154,80,240,Forward
134,73,190,Guard
913,79,235,Forward
77156,75,205,Guard
77158,83,205,Forward
2669,80,205,Forward
77159,77,195,Forward
77142,81,220,Forward-Guard
77160,79,218,Forward
77168,82,190,Forward
77161,79,220,Forward
203910,75,202,Guard
77162,78,200,Forward
77163,81,205,Forward
77164,79,210,Center
77165,80,215,Forward
1626169,79,245,Forward
77166,80,240,Forward
77134,82,235,Center
204020,76,190,Guard
77167,74,200,Guard
202325,79,215,Forward-Guard
77170,80,210,Center
77169,80,210,Center
77171,83,245,Center
203999,84,250,Center
77172,79,218,Forward
2264,83,265,Center
77173,78,195,Guard
77174,77,200,Forward
77180,79,175,Forward
77193,81,210,Forward
200784,79,215,Forward
77175,83,217,Center
279,81,215,Forward-Center
77178,80,215,Forward
1869,75,180,Guard
2563,78,225,Guard-Forward
1627745,84,245,Center
1800,75,195,Guard
203199,80,221,Forward
963,80,220,Forward
101204,83,248,Forward-Center
77182,82,210,Forward
77183,84,210,Center
224,78,200,Guard-Forward
77184,82,225,Forward
2410,74,225,Guard
77185,75,180,Guard
2592,80,218,Guard-Forward
1629203,77,174,Forward
77186,76,188,Guard
77187,79,205,Forward
1908,80,230,Forward
77188,73,200,Guard
203158,80,260,Forward
77200,74,180,Guard
77189,81,225,Forward
2891,78,215,Guard
77195,74,190,Guard
77191,83,235,Center
461,80,265,Forward
77192,80,220,Forward
77194,81,225,Center
77196,76,198,Guard
2652,80,210,Forward
77197,77,205,Guard
1626145,74,196,Guard
77198,74,180,Guard
77199,76,225,Forward
77201,80,205,Forward
77202,75,185,Guard
77203,80,190,Forward
203103,83,235,Forward
1627884,79,200,Forward-Guard
201599,83,265,Center
77205,73,170,Guard
202366,84,253,Center
893,78,216,Guard
77208,82,220,Forward
77209,79,198,Forward
77210,82,205,Center
77211,74,185,Guard
77212,81,228,Center
77213,77,200,Center
202709,75,193,Guard
203126,79,210,Forward
77214,83,245,Forward
77215,78,185,Guard
77217,74,175,Guard
77218,75,190,Forward
77219,78,245,Center
2549,84,265,Center
1626163,84,242,Forward-Center
202683,83,250,Center
77221,74,170,Guard
77222,70,165,Guard
203508,79,208,Guard-Forward
201207,77,215,Guard
77223,74,185,Guard
77225,71,185,Guard
2435,85,260,Center
77226,72,185,Guard
77227,80,240,Forward
201619,83,260,Center
77228,71,180,Guard
77229,78,218,Forward
77230,74,178,Guard
77231,71,185,Guard
228,81,230,Forward
77233,76,185,Guard
77235,84,235,Center
77236,79,225,Forward
77237,74,172,Forward
203527,83,230,Forward
77238,72,170,Guard
77239,79,190,Forward
77240,75,195,Guard
431,82,280,Forward
77242,78,198,Forward
1628379,77,206,Guard
202810,77,214,Guard-Forward
77243,77,205,Forward
77244,78,210,Forward
77245,71,180,Guard
77246,81,205,Forward
77247,74,187,Guard
1801,83,245,Center
77248,81,230,Center
70,73,180,Guard
77249,78,215,Forward
77251,83,230,Forward
705,79,210,Forward
467,76,210,Guard
77254,81,235,Forward
203077,79,232,Forward
77255,81,225,Forward
77256,73,170,Guard
77257,75,180,Guard
77258,82,230,Center
203930,76,212,Guard
77259,78,220,Forward
77260,76,190,Guard
77261,71,153,Forward
77262,76,190,Guard
77263,78,190,Forward
77264,79,205,Forward
77266,78,220,Forward
701,73,185,Guard
77268,72,175,Guard
1628994,78,220,Forward
77270,74,175,Guard
728,77,210,Guard
77272,74,195,Guard
77273,78,225,Forward
1101,86,260,Center
351,83,250,Forward-Center
77276,72,165,Guard
77277,78,215,Center
200814,78,189,Guard
77278,75,173,Guard
77279,81,210,Forward
77280,81,235,Forward
1123,83,250,Center
1628467,83,240,Forward
101132,80,234,Forward
77283,74,170,Guard
77284,67,150,Guard
77285,75,175,Guard
77290,78,195,Forward
77287,74,185,Guard-Forward
202688,75,195,Guard
1510,70,166,Guard
77288,79,215,Forward
77289,81,210,Forward
969,84,235,Center
77291,79,215,Center
77292,78,215,Center
77293,81,215,Center
1628995,81,215,Forward
77294,76,210,Forward
77295,75,202,Forward
77296,79,212,Center
77297,73,185,Guard
402,84,250,Center
77299,78,210,Guard
77300,81,240,Forward
1627788,79,190,Guard-Forward
77301,81,225,Forward
1628436,85,250,Forward-Center
101117,81,203,Forward
2594,79,212,Guard-Forward
77302,83,245,Center
77303,75,203,Forward
77304,80,220,Center
201585,84,245,Center
77305,80,220,Forward
77306,81,220,Center
77307,76,200,Forward
77308,79,203,Forward
77309,72,195,Guard
77310,73,190,Guard
77311,80,230,Center
77312,76,175,Guard
77313,77,200,Guard
77314,75,205,Guard
2420,84,240,Center
77316,80,215,Forward
77317,71,160,Guard
77318,82,230,Forward
77319,74,193,Guard
77320,74,180,Guard
77322,75,200,Forward
389,83,235,Forward
77323,84,230,Center
77324,81,230,Forward
77325,78,220,Center
1629066,81,210,Forward
201633,81,232,Forward
1628398,81,220,Forward
203136,84,260,Center
77327,77,210,Guard
1711,83,240,Center-Forward
77328,82,220,Center
77340,80,220,Forward
203897,77,200,Guard
1627746,83,235,Forward
77326,82,235,Center
363,83,245,Forward-Center
201802,74,190,Guard
100263,83,245,Center
77329,74,190,Forward
77330,73,180,Guard
203117,76,200,Guard
203087,77,185,Guard
77331,82,225,Center
77332,78,195,Guard
2573,83,275,Forward
77333,82,230,Forward
201171,81,248,Forward
77334,80,215,Forward
77335,78,230,Forward
457,83,275,Center
600005,83,250,Center
77338,75,175,Guard
77339,76,183,Guard
203499,71,175,Guard
77341,78,185,Guard
201186,80,215,Forward
77342,78,225,Forward
968,88,325,Center
77344,78,190,Guard
77345,74,185,Forward
203530,83,260,Center
77346,75,185,Forward
77347,79,185,Forward
201151,75,202,Guard
202371,81,234,Forward
77348,83,228,Center
1535,83,240,Center
201951,71,195,Guard
1627774,81,215,Forward
77350,73,180,Guard
1627747,79,204,Guard
1628388,82,225,Forward
77351,80,225,Center
77352,71,163,Guard
77353,73,170,Guard
77354,74,180,Forward
287,83,265,Center
203495,79,195,Guard
77356,72,185,Guard
77357,82,205,Forward
201584,77,215,Guard
1627814,78,210,Guard
101135,81,245,Forward-Center
77358,77,200,Guard
77359,76,200,Forward
77360,75,190,Guard
77361,82,215,Forward
77362,75,190,Guard
77363,82,220,Center
77364,75,193,Guard
77365,77,185,Forward
77366,75,185,Guard
77367,74,190,Forward
77369,72,180,Guard
1627215,75,180,Guard
203458,85,250,Center
702,76,215,Guard
77371,75,185,Guard
77370,85,250,Center
202695,79,230,Forward
203086,85,255,Forward-Center
77372,71,165,Guard
77373,74,175,Guard
77374,75,170,Guard
202720,82,228,Forward
77375,74,190,Forward
77376,75,170,Guard
77377,80,210,Forward
77385,75,175,Guard
736,82,235,Forward
77379,74,195,Forward
77380,72,175,Guard
77381,79,215,Forward
729,78,225,Forward
77383,78,200,Guard
1740,82,235,Forward
77384,79,195,Guard
77386,80,205,Forward
77387,76,205,Guard
202732,78,209,Guard
77388,76,180,Guard
203081,75,195,Guard
202391,75,200,Guard
77389,81,225,Forward
175,84,245,Center-Forward
988,76,209,Guard
2733,79,192,Guard
77392,82,220,Center
1024,83,285,Center
77394,78,200,Forward
77395,78,205,Guard
77396,82,230,Center
77397,77,185,Forward
77398,81,225,Forward
77399,81,245,Forward
1100,80,240,Forward
77401,78,205,Forward
77402,77,200,Forward
77403,74,175,Guard
38,83,230,Forward-Center
1609,81,250,Forward
1381,77,200,Guard
77406,74,180,Guard
1627848,81,255,Forward
1626172,81,220,Center-Forward
201572,84,270,Center
1732,77,195,Guard-Forward
201577,84,275,Center
943,76,190,Guard
77409,77,220,Forward
77410,77,210,Forward
77411,75,190,Guard
77412,80,215,Forward
201567,82,251,Forward-Center
77413,81,215,Forward
77414,81,234,Center
77415,72,195,Guard
77416,75,185,Guard
200768,73,196,Guard
1628070,76,210,Guard
77417,75,195,Forward
77418,80,230,Forward
77419,75,175,Guard
203564,73,195,Guard
77420,81,215,Forward
77421,78,205,Forward
1731,72,175,Guard
77422,74,180,Guard
77423,75,220,Forward
77424,72,165,Guard
77425,73,178,Guard
1627789,78,210,Guard-Forward
1628399,82,225,Forward
1626168,82,234,Forward
248,80,235,Forward
77426,77,195,Forward
77427,79,215,Forward
1627815,78,200,Guard-Forward
1928,84,280,Center
77430,74,185,Guard
77428,77,210,Forward
77429,80,185,Center
101178,76,214,Guard
77432,75,185,Guard
202714,75,203,Guard
1635,81,248,Forward
77435,79,205,Forward
202731,82,227,Forward
77436,73,180,Guard
1629133,75,185,Guard
1629122,77,205,Guard
77438,75,175,Guard
77439,74,185,Forward
2432,76,190,Guard
1666,76,200,Guard
2058,81,255,Forward
77441,77,185,Forward
203705,73,160,Guard
1894,78,225,Forward
77442,80,202,Forward
2048,83,265,Center
101133,83,262,Center
77443,80,220,Center
77444,74,205,Forward
328,82,260,Forward
105,78,222,Guard-Forward
1627748,85,221,Forward
77447,69,150,Guard
252,81,259,Forward
77449,82,215,Center
77450,82,230,Forward
77451,74,180,Guard
77452,76,205,Forward
77453,70,195,Guard
986,80,245,Forward
77454,79,210,Forward
316,83,245,Center
77456,79,190,Guard
77457,75,190,Guard
77459,77,197,Guard
77458,72,185,Guard
203906,78,200,Forward
77460,78,190,Guard
950,74,205,Guard
36,77,200,Guard
77462,71,165,Guard
77463,78,200,Forward
1890,79,228,Guard-Forward
1626246,87,290,Center
1628374,84,240,Forward
200806,82,225,Forward
77464,75,185,Guard
77465,75,200,Guard
77466,79,215,Forward
681,79,230,Forward
923,81,245,Forward
203088,76,200,Guard
101185,79,190,Guard-Forward
77467,76,215,Forward
77468,79,200,Forward
77481,79,205,Forward
77478,84,250,Center
77469,81,212,Forward
201858,79,220,Forward
77473,79,210,Center
77471,68,160,Guard
77472,81,220,Center
1626185,82,239,Forward
77474,77,195,Guard
2755,79,199,Guard
77475,83,208,Center
77476,78,200,Guard
77477,75,190,Guard
77479,74,185,Guard
77480,70,170,Guard
469,80,247,Forward
77482,70,174,Guard
193,80,255,Forward
1628412,71,190,Guard
763,81,250,Forward-Center
77483,81,220,Forward
1628999,80,240,Forward
1628493,82,230,Forward-Center
77484,73,170,Guard
202083,77,220,Guard-Forward
77485,76,190,Forward
77486,80,250,Forward
101131,79,260,Forward
77487,80,205,Forward
137,76,190,Guard
77489,76,200,Forward
77490,78,215,Forward
101118,81,266,Center-Forward
77492,80,225,Forward
77493,75,175,Guard
77495,79,205,Forward
77494,74,185,Guard
201564,77,210,Guard
77496,74,190,Guard
77497,75,210,Forward
2788,84,255,Center
77498,81,210,Center
77499,75,190,Forward
77500,74,178,Guard
77502,80,240,Forward
101119,76,215,Guard
77503,71,180,Guard
77504,75,190,Guard
77505,75,175,Guard
77506,73,185,Guard
1820,79,200,Guard-Forward
962,82,245,Forward
1043,83,235,Center
1627775,79,185,Guard
77509,78,185,Guard
77510,73,180,Guard
2082,84,270,Center
77512,74,190,Guard
45,80,230,Forward
203468,75,190,Guard
77513,77,195,Forward
77514,70,170,Guard
204456,74,190,Guard
77515,79,210,Guard
77516,83,240,Center
77517,76,180,Guard
1622,80,220,Forward
77518,81,215,Forward
1628571,80,225,Forward
1626191,81,215,Forward
77520,76,190,Guard
723,76,180,Guard
77523,83,228,Center
203909,78,205,Guard-Forward
203926,80,225,Forward
77524,80,210,Forward
77525,78,190,Forward
77527,81,215,Forward
686,81,245,Forward-Center
77528,75,190,Guard
77529,73,190,Guard
203956,82,255,Forward
201580,84,270,Center
77530,77,190,Forward
77531,81,225,Center
77532,80,235,Forward
77533,77,205,Guard
1503,80,225,Guard-Forward
77534,80,240,Forward
203585,76,200,Forward-Guard
77536,74,180,Guard
77535,75,175,Guard
77537,72,180,Guard
1450,82,210,Forward
77540,79,225,Forward
77541,77,195,Forward
77542,79,200,Forward
77543,77,195,Forward
365,82,241,Forward
243,77,209,Guard
77547,72,160,Guard
77545,76,190,Forward
77546,78,185,Forward
1628035,80,215,Forward
77548,79,230,Forward
77549,77,200,Forward
2693,74,190,Guard
77551,73,185,Guard
203,77,210,Guard-Forward
77553,83,215,Forward
77554,77,215,Forward
77555,77,205,Forward
77558,83,235,Center
77559,78,210,Center
202077,75,200,Guard
77560,79,210,Forward
77562,73,170,Guard
77561,81,195,Forward
77563,75,185,Guard
2101,76,210,Guard
77565,83,235,Forward
203895,77,179,Guard
77566,75,185,Guard
77567,80,200,Forward
77568,75,175,Forward
2098,82,253,Forward
1577,77,175,Guard
201975,76,210,Guard
77570,80,215,Forward
77571,82,225,Forward
77572,77,195,Forward
77573,79,208,Forward
77574,74,185,Guard
1626257,86,235,Center
77576,73,165,Guard
77575,74,185,Guard
203097,84,255,Center
1629001,76,200,Forward
77577,69,170,Forward
77578,73,175,Guard
77579,72,168,Guard
77580,74,195,Guard
77581,72,168,Guard
77582,82,215,Center
77583,74,180,Guard
77584,78,215,Forward
1629002,82,225,Forward
684,82,260,Center-Forward
77586,81,215,Forward
77587,77,210,Forward
77588,81,220,Forward
1626175,80,235,Center-Forward
203114,80,222,Forward
77589,72,180,Guard
2036,84,265,Center
77590,80,230,Center
600012,82,245,Center
77591,79,210,Forward
77593,79,230,Forward
77594,79,210,Center
101139,78,220,Forward-Guard
2032,81,235,Forward
77596,76,195,Guard
77598,75,195,Forward
1889,75,200,Guard
77605,75,190,Forward
77603,82,230,Forward
1802,84,261,Center-Forward
203121,80,225,Forward
77602,78,215,Forward
77599,80,225,Forward
77600,76,230,Center
77601,77,205,Forward
1626259,79,210,Forward
2034,80,218,Guard-Forward
932,81,315,Center
203113,81,210,Forward
397,79,195,Guard
77604,74,190,Forward
168,79,220,Forward
77606,80,203,Center
201988,72,180,Guard
202407,79,215,Guard-Forward
200794,80,246,Forward
1629003,78,207,Guard
114,77,210,Guard
77609,75,180,Guard
77610,74,185,Guard
77612,78,215,Forward
202703,82,250,Forward
77613,67,150,Guard
1628378,75,215,Guard
77615,79,215,Forward
417,79,215,Forward
77614,79,205,Forward
1628513,76,218,Guard
77618,79,215,Forward
77619,76,190,Forward
1749,76,215,Guard
77621,80,210,Forward
77622,76,190,Forward
1737,82,250,Center
77623,84,250,Center
77624,78,200,Forward
77625,80,230,Forward
77626,76,180,Guard
77627,72,170,Guard
1628370,75,200,Guard
600006,75,185,Guard
202328,83,265,Center
77628,75,185,Guard
77630,76,220,Forward
376,84,270,Center
200081,80,205,Forward
77631,77,215,Forward
77632,81,215,Forward
1628500,80,220,Forward
202734,76,191,Guard
77634,77,180,Forward
77633,73,175,Guard
77635,73,170,Guard
1630,84,225,Forward-Center
77636,83,205,Center
77637,84,260,Center
203961,82,238,Forward-Center
77639,79,215,Forward
77640,80,205,Guard
77641,77,190,Guard
77642,81,230,Center
77644,82,235,Center
356,80,228,Forward
202721,76,195,Guard
77647,80,229,Forward
202694,81,235,Forward
202693,82,245,Forward
77646,74,195,Forward
1628420,75,175,Guard
201043,83,275,Center
200747,80,205,Forward
77648,80,220,Forward
77649,76,195,Guard
201627,77,210,Guard
132,79,195,Guard
1972,75,180,Forward
77652,75,190,Forward
77653,80,195,Forward
77654,74,185,Guard
202700,84,220,Forward-Center
1628405,82,230,Forward
2069,83,247,Center-Forward
203102,82,240,Forward
297,82,261,Center
202389,85,275,Center
77657,77,185,Forward
1626144,77,200,Guard
77658,80,230,Forward
203498,78,221,Guard-Forward
77659,72,165,Guard
77660,73,175,Guard
201957,84,275,Center
77662,76,190,Guard
942,84,255,Center
204098,76,173,Guard
77664,81,225,Forward
77665,71,170,Guard
49,91,303,Center
77668,76,190,Guard
77669,69,165,Guard
77672,73,175,Guard
203513,82,230,Forward
77670,81,220,Forward
77671,74,175,Forward
203122,78,185,Guard
77673,77,225,Forward
77674,81,220,Center
1627749,77,170,Guard
2436,75,200,Guard
1627750,76,207,Guard
77675,74,190,Guard
441,79,235,Forward
77676,80,215,Forward
1629058,81,208,Guard-Forward
203488,83,240,Forward-Center
77677,69,145,Guard
1054,82,238,Forward
87,86,260,Center
982,81,235,Forward
1629004,80,205,Guard
1626122,80,245,Forward
2055,84,255,Center
77681,75,185,Forward
77682,78,210,Forward
2411,81,221,Forward
1627846,78,225,Forward
77683,72,190,Guard
77684,73,185,Guard
2059,80,235,Forward
77685,82,205,Forward
1626204,81,230,Forward
203894,73,180,Guard
77686,74,185,Guard
77688,80,195,Forward
77687,77,215,Forward
959,75,178,Guard
77689,83,240,Center
77690,71,175,Guard
77691,78,220,Forward
77692,75,185,Guard
77693,78,225,Forward
1626254,81,200,Forward
77694,77,165,Guard
77695,83,235,Center
77696,79,225,Forward
77697,79,238,Forward
203517,75,192,Guard
77698,75,200,Forward
77699,82,230,Center
201634,76,200,Guard
77700,78,210,Forward
2749,72,190,Guard
77701,75,190,Guard
2403,83,250,Center-Forward
1838,78,245,Forward-Guard
77704,86,260,Forward
1725,84,255,Center
203526,73,179,Guard
77705,78,200,Guard
77706,73,175,Guard
77707,89,217,Center
1116,76,200,Guard
1096,82,245,Center
1956,79,220,Guard-Forward
77710,76,200,Guard
271,79,210,Forward
77712,84,240,Center
1627777,80,230,Forward
77713,79,222,Center
203094,81,250,Forward
77715,73,175,Guard
77716,84,245,Center
77717,73,165,Guard
77718,78,225,Forward
77719,82,218,Center
77720,79,210,Guard
77721,74,170,Guard
201149,83,230,Center
77722,76,190,Guard
200786,78,230,Forward-Guard
203457,83,220,Center-Forward
77723,76,185,Forward
203512,84,220,Center
77724,80,210,Center
77727,82,225,Center
77728,75,180,Forward
77729,75,175,Guard
77731,81,230,Center
983,73,185,Guard
77732,83,220,Center
77733,79,220,Forward
77734,80,195,Center
77735,73,185,Guard
77736,81,219,Center
77737,74,170,Guard
1717,84,245,Forward
1628373,78,200,Guard
1629134,75,195,Guard
203994,84,275,Center
77738,74,170,Guard
1628021,76,219,Guard
1022,82,255,Forward
1525,77,209,Guard
77742,74,185,Guard
77744,76,190,Forward
200753,84,250,Center
77745,72,174,Guard
77746,73,180,Guard
77750,71,160,Guard
77752,74,185,Guard
77754,79,207,Forward
77766,77,205,Forward
979,83,255,Center-Forward
406,85,325,Center
1626220,78,226,Forward
77767,75,210,Forward
203124,82,250,Center
77773,74,175,Guard
77774,73,195,Guard
891,81,245,Forward
1627849,83,245,Forward
201141,84,273,Center
1885,82,230,Forward
77747,78,215,Forward
77748,77,205,Forward
1628,86,240,Center
77751,75,190,Guard
203317,83,255,Center-Forward
1628400,79,241,Forward
2731,82,255,Center
1626143,83,275,Center
1629059,75,190,Forward
1629006,76,212,Guard
203506,76,210,Guard
165,84,255,Center
77756,80,225,Forward
77757,84,215,Center
77758,75,175,Guard
77759,74,185,Guard
77760,79,210,Forward
2352,71,175,Guard
1563,74,195,Guard
77764,71,160,Guard
1709,84,270,Center
77765,80,220,Forward
203482,84,240,Forward
1627778,82,245,Center
77768,75,190,Guard
77769,75,195,Forward
77770,80,175,Forward
77771,82,225,Forward
77772,78,210,Forward
1626224,80,215,Forward
77775,77,215,Forward
77777,74,165,Guard
77778,82,240,Center
77779,79,220,Forward
1626162,79,205,Forward
2566,81,207,Forward
77780,74,195,Guard
77,75,190,Guard
101261,76,200,Guard
182,81,225,Forward-Guard
2442,79,245,Forward
77782,79,210,Forward
77783,75,185,Guard
77784,77,200,Forward
77785,79,225,Forward
77786,82,215,Center
1077,81,224,Forward
77788,82,220,Center
2585,83,270,Center
77789,79,205,Forward
1627779,72,164,Guard
77790,77,210,Forward
1960,76,210,Guard
77791,76,205,Forward
77792,80,224,Forward
77793,76,180,Forward
77794,85,215,Center
1627834,85,240,Center
77797,75,200,Forward
305,85,244,Center
77799,74,205,Guard
1515,78,210,Guard
203953,80,245,Forward
2470,76,190,Guard
77800,78,200,Forward
2225,74,185,Guard
77801,72,174,Guard
77802,81,220,Center
77803,72,165,Forward
77804,74,175,Guard
202718,82,230,Forward
1097,81,215,Forward
77806,72,170,Guard
77808,80,220,Forward
77809,74,185,Forward
77811,79,230,Center
202335,81,230,Forward
77812,81,225,Center
77813,78,220,Forward
77814,74,175,Guard
203464,76,200,Guard
101108,72,175,Guard
77815,80,219,Forward
77816,74,185,Guard
77817,83,235,Center
2562,79,235,Guard-Forward
77818,78,200,Guard
77819,78,200,Guard
77820,74,185,Guard
77821,76,174,Guard
77822,80,195,Forward
77823,86,240,Center
203901,76,185,Guard
56,76,190,Guard
77824,76,185,Guard
77825,73,165,Guard
77826,73,170,Guard
200762,84,234,Forward-Center
77827,79,220,Guard
324,76,208,Guard
201593,83,307,Center
77828,78,220,Center
77829,81,225,Forward
46,82,270,Center
781,84,240,Center
2570,82,270,Center
64,81,260,Center-Forward
77834,75,190,Guard
200785,86,240,Center
77835,79,220,Forward
456,80,241,Forward
445,78,200,Guard-Forward
1628409,81,235,Forward
77839,82,235,Forward
77840,77,205,Guard
77843,77,210,Forward
77841,81,220,Center
77842,76,185,Guard
77844,76,190,Guard
101130,84,247,Center
77845,77,195,Guard
77846,82,260,Center
77847,81,205,Forward
77848,78,205,Guard
77850,77,195,Forward
77849,73,175,Guard
74,76,181,Forward
77852,76,180,Guard
77853,75,195,Guard
1629341,75,195,Guard
77854,79,225,Forward
77855,75,189,Guard
15,79,215,Guard-Forward
1718,79,235,Forward
894,76,215,Guard
77858,77,200,Guard
2554,78,215,Forward
77859,75,185,Forward
291,81,240,Forward
77861,80,230,Forward
1629033,78,218,Guard-Forward
77862,78,230,Forward
77863,85,240,Center
937,80,228,Forward-Guard
77864,80,220,Forward
202353,87,256,Center
1627850,84,250,Center
203486,83,235,Forward-Center
203101,83,249,Center-Forward
77865,81,215,Forward
1627751,84,230,Center
77866,77,180,Forward
77867,75,185,Forward
1513,83,278,Center-Forward
77868,79,200,Forward
77869,81,233,Forward
202347,79,230,Forward
77870,79,220,Forward
998,82,235,Center-Forward
77872,82,220,Center
77873,81,235,Forward
2084,79,218,Forward
77875,80,220,Forward
77876,72,170,Guard
345,75,205,Guard
1629008,82,210,Forward
203490,80,198,Forward
1626171,83,250,Forward
77878,77,200,Forward
204001,87,240,Forward-Center
1899,80,217,Forward
2068,77,215,Guard-Forward
958,82,285,Center-Forward
200796,80,240,Forward
203939,83,240,Forward-Center
2694,81,240,Forward
2867,79,215,Forward
1626181,76,215,Forward-Guard
1627816,81,235,Forward
77879,77,185,Guard
77880,74,170,Guard
77881,79,210,Forward
85,73,185,Guard
77883,75,195,Guard
899,72,180,Guard
77884,75,200,Guard
101179,74,190,Guard
77882,78,190,Guard
77886,75,190,Forward
203143,75,185,Guard
1627752,80,220,Forward
2419,81,212,Forward
77887,81,220,Center
340,75,180,Guard
201172,76,170,Guard
2038,85,245,Center
77888,79,190,Center
77890,82,245,Forward
1628681,76,205,Guard
77891,73,170,Guard
77892,77,215,Forward
200809,74,175,Guard
77893,80,235,Guard
1628397,82,220,Forward
77894,82,220,Center
77895,73,190,Guard
77896,76,190,Guard
77897,75,205,Guard
2209,82,235,Forward
77899,80,235,Forward
77900,72,160,Guard
77901,77,210,Forward
77902,76,205,Forward
77903,74,185,Guard
77904,79,190,Forward
2080,74,184,Guard
77905,80,213,Forward
77906,76,200,Forward
77907,75,190,Forward
77908,74,165,Guard
1821,80,235,Forward
1626184,74,185,Guard
203944,81,250,Center-Forward
2216,81,250,Forward
77910,78,220,Forward
77911,74,170,Guard
77912,73,185,Guard
78656,76,172,Forward
77913,79,220,Forward
77914,78,195,Guard
77915,82,230,Center
689,82,235,Center
202360,76,190,Guard
77916,80,215,Forward
77917,81,230,Center
77918,77,190,Forward
77920,80,215,Forward
77919,72,180,Guard
77921,83,235,Center
77922,75,175,Guard
77923,77,210,Forward
1442,84,265,Center
2072,78,215,Guard
77925,77,195,Forward
200755,76,200,Guard
77926,78,188,Guard
1628432,77,208,Guard
77927,81,215,Center
77928,77,205,Forward
77929,82,235,Center
735,84,290,Center
77932,74,180,Guard
77933,78,210,Forward
77937,77,190,Guard
690,80,250,Forward
77935,78,210,Center
77936,80,205,Forward
2876,83,255,Center
77938,71,165,Guard
77939,78,230,Forward
77941,74,185,Guard
77942,74,170,Forward
981,83,250,Center
77944,81,225,Forward
1629244,80,225,Guard-Forward
77945,76,195,Guard
77946,80,200,Guard
77947,73,170,Guard
201181,81,256,Forward
77950,75,195,Guard
2202,78,225,Guard
200978,79,195,Guard-Forward
1626196,78,200,Guard-Forward
77952,77,189,Guard
2369,77,200,Guard
2047,78,228,Forward
782,77,220,Guard
77954,81,225,Forward
77955,79,215,Forward
77957,76,195,Guard
2557,74,175,Guard
77958,71,180,Guard
77959,76,200,Forward
77960,82,225,Forward
77963,81,235,Forward
35,84,245,Center
77962,76,205,Guard
77964,80,195,Forward
77965,75,195,Guard
77966,76,200,Forward
77967,81,200,Center
77968,74,185,Guard
77969,82,260,Forward
203085,76,200,Guard
77970,72,170,Guard
470,76,210,Guard
77972,75,175,Forward
203460,79,210,Guard-Forward
101194,74,180,Guard
77973,81,231,Center
77975,77,185,Forward
203148,73,173,Guard
77977,78,214,Forward
101160,81,240,Forward
77978,80,200,Forward
926,76,208,Guard
600015,77,205,Guard
77983,76,195,Guard
77984,83,230,Center
2774,78,210,Guard-Forward
997,77,200,Guard
77986,81,220,Forward
361,82,245,Forward-Center
764,85,250,Center
1628421,80,200,Forward
1629130,80,210,Forward
1944,81,210,Forward
77988,73,185,Guard
299,79,240,Forward
77989,78,210,Forward
1629010,77,190,Guard
1683,75,180,Guard
1629011,85,240,Center
77994,76,180,Guard
716,74,195,Guard
203080,82,237,Forward
77993,79,225,Forward
77996,80,217,Forward
203922,78,222,Guard-Forward
77997,79,230,Forward
77998,82,235,Center
77999,81,185,Center
78000,75,170,Guard
78001,69,155,Guard
78002,77,185,Center
78003,72,185,Guard
200771,75,176,Guard
691,79,220,Forward
435,83,232,Forward-Center
78007,82,225,Forward
78008,73,190,Guard
915,79,270,Forward
78010,76,195,Forward
78011,72,195,Guard
202375,83,235,Forward
78012,72,168,Guard
78013,74,185,Guard
78014,85,235,Center
78015,73,175,Guard
200765,73,186,Guard
399,82,260,Center
201565,75,200,Guard
147,80,215,Guard-Forward
990,79,255,Forward
78016,77,180,Forward
78017,70,165,Guard
78018,76,190,Forward
78019,76,185,Forward
78020,77,205,Forward
203082,79,206,Guard-Forward
78021,83,255,Forward
78022,80,212,Forward
78023,79,215,Center
78024,70,180,Guard
78025,80,205,Forward
78026,77,195,Forward
78027,77,200,Forward
78028,79,225,Forward
78029,80,250,Center
78030,77,195,Forward
78031,81,220,Forward
200750,78,211,Guard
140,80,218,Forward
78033,70,155,Guard
1626179,73,190,Guard
201937,76,190,Guard
2462,81,270,Forward-Center
78035,74,180,Guard
78036,79,230,Forward
204014,82,228,Forward
78037,78,205,Forward
1913,80,248,Forward-Center
460,73,199,Guard
78039,82,225,Center
78040,81,220,Forward
78041,82,240,Center
78042,81,220,Center
78043,70,165,Guard
474,81,240,Forward
201575,78,225,Guard-Forward
78049,82,215,Center
78047,80,215,Forward
78045,77,218,Forward
1626156,77,198,Guard
78046,75,180,Guard
78048,77,195,Guard
201041,72,170,Guard
717,87,292,Center
1627734,83,240,Forward
203135,84,270,Center
78050,77,240,Center
78051,70,175,Guard
927,83,255,Center-Forward
2066,82,240,Center
1629102,77,184,Guard
2441,83,235,Forward-Center
78055,88,228,Center
2143,76,195,Guard
78057,78,200,Forward
1874,80,225,Forward
78059,78,210,Forward
78060,78,210,Forward
2091,85,256,Center
78061,77,190,Forward
78062,81,215,Forward
203967,82,223,Forward
987,79,225,Forward
2219,78,200,Guard
203107,79,210,Guard-Forward
2261,74,170,Guard
78063,74,185,Guard
78064,79,220,Forward
78065,79,210,Forward
78066,75,205,Forward
2453,78,225,Guard
78067,77,195,Forward
2243,81,235,Forward
78068,80,208,Forward
78069,73,170,Guard
78070,72,185,Forward
78071,72,175,Guard
78072,75,195,Guard
78073,74,173,Forward
78074,77,200,Forward
78075,77,205,Forward
7,83,260,Center
78076,80,195,Forward
78078,72,175,Guard
78080,83,240,Center
78081,75,205,Guard
101195,85,265,Center
78082,81,212,Center
368,86,285,Center
78084,82,225,Center
78085,76,185,Forward
78086,77,200,Forward
78087,82,210,Forward
78088,80,220,Forward
78089,79,230,Center
96,82,235,Forward
203471,73,172,Guard
78091,78,200,Forward
78092,74,192,Forward
78093,78,210,Guard
78094,71,180,Guard
78095,79,185,Forward
1064,82,250,Forward-Center
2,76,205,Guard
78097,77,175,Guard
192,80,229,Forward
1109,78,180,Forward
203118,80,237,Forward
78100,81,215,Forward
78102,79,188,Forward
78103,80,210,Forward
907,80,200,Guard-Forward
78105,78,210,Forward
78106,81,198,Forward
78107,75,190,Guard
200757,79,220,Forward
938,83,253,Center
78109,75,196,Forward
1627782,77,230,Guard-Forward
78110,84,210,Forward
78111,76,195,Forward
78112,70,165,Guard
78113,74,180,Guard
78114,74,190,Guard
200754,83,230,Center
78115,74,179,Guard
202338,82,278,Forward-Center
201196,75,190,Guard
78116,77,185,Guard
1629012,74,190,Guard
78117,73,180,Guard
78118,71,180,Guard
1593,83,245,Center
78120,75,185,Guard
78121,79,220,Forward
1629013,77,188,Guard
1539,72,169,Guard
78123,71,170,Guard
78124,74,175,Guard
78125,83,235,Center
78126,73,175,Guard
201594,81,245,Forward
1117,83,235,Center
78128,80,200,Forward
216,78,200,Guard
1745,83,255,Center
78130,74,194,Forward
78131,74,165,Forward
78132,79,210,Forward
78133,80,240,Forward
78135,78,215,Forward
78136,74,170,Guard
78653,73,200,Guard
2321,82,230,Forward
78138,78,200,Forward
78139,79,210,Forward
78140,74,200,Forward
78141,74,190,Guard
78142,74,170,Guard
78143,81,235,Forward
202697,77,215,Guard
203144,78,187,Guard
1627783,81,230,Forward
78144,79,215,Forward
78145,74,175,Guard
78146,73,168,Guard
78147,75,190,Guard
78148,85,230,Center
78149,83,230,Center
78150,73,180,Guard
78151,79,220,Forward
202918,77,205,Guard
202081,83,305,Center
78152,78,225,Forward
101134,81,250,Forward
1627732,82,230,Guard-Forward
2250,78,235,Forward
200759,81,235,Forward
78153,80,222,Center
78154,73,184,Guard
203613,78,195,Forward
1489,79,210,Forward
1750,75,202,Guard
1629014,76,185,Guard
202067,79,230,Forward
78157,77,200,Guard
78160,77,220,Forward
78159,79,195,Forward
203156,82,248,Center-Forward
78161,73,170,Guard
202713,80,228,Forward
201606,72,185,Guard
202698,81,228,Forward
101189,80,230,Forward
78162,77,175,Forward
78163,70,165,Guard
78164,80,210,Forward
203491,72,185,Guard
101,73,180,Guard
78167,75,190,Guard
78168,77,195,Forward
78169,71,180,Guard
78170,78,220,Forward
1073,79,255,Forward
78171,83,210,Center
78172,77,205,Guard
202388,75,205,Guard
78173,77,195,Guard
101166,82,238,Forward
78174,76,200,Guard
78175,73,175,Guard
203935,76,220,Guard
78176,73,195,Guard
78177,75,190,Guard
78178,73,180,Guard
78207,84,220,Center
78209,77,190,Forward
78202,77,195,Forward
78203,76,190,Guard
293,82,244,Forward
78179,73,160,Forward
1814,75,190,Guard
78181,78,210,Forward
200783,79,265,Forward
78182,75,180,Forward
78183,78,205,Guard
78184,72,160,Guard
78185,74,190,Forward
2764,79,215,Guard
475,82,220,Forward
78187,78,180,Forward
78188,85,250,Center
78189,81,235,Center
78190,77,195,Forward
202962,82,250,Center
202397,72,175,Guard
2747,78,225,Guard-Forward
2074,83,250,Center
78191,81,225,Forward
693,82,225,Forward-Center
78192,75,180,Guard
181,75,170,Guard
78194,75,200,Forward
78195,80,215,Forward
1910,82,235,Forward
63,80,240,Forward
78197,82,225,Guard
2065,80,195,Forward
202701,74,185,Guard
78198,77,210,Forward
78199,76,185,Guard
78200,75,180,Guard
78201,82,240,Forward
78204,71,165,Guard
78205,76,200,Forward
120,80,221,Guard-Forward
1478,74,208,Guard
78208,74,170,Guard
1629015,76,199,Guard
1628372,75,195,Guard
22,88,265,Center
1091,84,250,Center
78212,75,215,Forward
203503,79,213,Guard
727,75,205,Guard
78213,77,207,Guard
2745,78,225,Forward-Guard
78214,72,180,Guard
78215,75,198,Guard
78216,75,185,Guard
78217,81,225,Center
78219,68,170,Guard
2443,81,248,Forward
78220,80,225,Forward
203480,80,215,Forward
78221,74,175,Forward
2776,82,250,Forward
1629034,82,215,Forward
78222,77,190,Guard
2779,76,195,Guard
78223,78,218,Forward
600009,74,175,Guard
78225,77,205,Forward
78226,76,200,Forward
201578,82,255,Forward-Center
1629016,81,245,Forward
78227,78,210,Forward
280,84,290,Center
78230,74,195,Forward
78231,84,225,Center
201168,83,245,Center-Forward
78232,81,220,Center
84,77,195,Guard
78233,79,230,Forward
78234,81,235,Center
78235,74,225,Forward
711,78,218,Forward
78237,75,185,Guard
78238,79,200,Forward
78239,77,190,Forward
78240,73,185,Forward
78241,77,170,Guard
317,77,190,Guard
78243,78,190,Guard
203917,78,205,Guard
78244,79,205,Forward
78245,77,180,Guard
1735,85,255,Center
78247,74,175,Guard
78249,75,185,Guard
202362,78,230,Guard
78250,77,195,Guard
78251,77,195,Guard
78252,75,185,Forward
2052,77,218,Forward-Guard
78253,78,220,Forward
1529,80,239,Forward
1125,80,230,Forward
1565,82,230,Center
78256,77,205,Forward
201880,83,260,Center
78257,83,245,Center
179,77,210,Guard
78259,74,185,Guard
78260,77,210,Forward
78261,80,220,Forward
204065,71,165,Guard
304,73,175,Guard
978,82,229,Forward
78264,82,220,Forward
600016,79,232,Forward
78266,73,180,Guard
1627754,83,255,Center
202933,78,200,Guard
2852,78,225,Forward-Guard
757,70,171,Guard
101136,73,175,Guard
2405,82,245,Forward-Center
78267,76,215,Forward
201199,77,201,Guard
78268,82,235,Center
78269,80,210,Forward
1065,75,218,Guard
78270,77,200,Forward
78271,82,260,Forward
400,81,240,Forward
78273,76,190,Guard
78274,79,215,Forward
78275,74,185,Forward
78276,70,170,Guard
78277,81,225,Center
201969,80,240,Forward
1628410,78,176,Guard
78654,83,215,Forward
201180,81,205,Guard
78278,73,180,Guard
1743,86,260,Center
78279,74,170,Guard
682,77,200,Guard
78280,76,210,Forward
78281,75,190,Guard
357,74,185,Guard
78283,80,220,Forward
1628403,81,250,Forward
78284,78,210,Forward
78285,76,215,Forward
2552,80,270,Forward
2741,85,270,Center
2031,82,220,Forward-Center
78286,77,230,Forward
202377,79,225,Forward-Guard
78287,70,175,Guard
1132,81,255,Forward
1136,83,230,Center
1887,79,240,Guard-Forward
440,84,257,Center
101147,82,261,Forward
78291,72,160,Guard
1434,83,270,Center-Forward
78293,84,230,Forward
78294,76,185,Guard
1628369,80,208,Forward
204002,87,265,Center
78295,76,175,Guard
78296,74,185,Guard
101182,77,193,Guard
78298,77,180,Guard
1627819,75,170,Guard
78297,75,190,Forward
78299,76,175,Guard
1511,81,220,Forward
78301,80,220,Forward
201446,74,165,Guard
78302,72,175,Guard
78303,77,180,Guard
78304,77,195,Guard
201952,74,195,Guard
203104,74,189,Guard
202066,78,195,Guard-Forward
78305,80,200,Forward
1629123,75,227,Guard
78307,76,210,Guard
78306,78,215,Guard
78308,77,195,Guard
1891,74,185,Guard
201934,87,263,Center
78309,74,170,Guard
1628464,80,243,Forward
78310,78,190,Guard
78311,79,210,Forward
78312,78,215,Forward
78313,73,160,Guard
78314,79,195,Forward
203519,79,240,Guard-Forward
2873,77,220,Guard
1063,76,195,Guard
78316,75,175,Guard
2041,82,260,Center
78317,80,225,Forward
202738,69,185,Guard
78318,73,180,Guard
1975,78,219,Forward
78320,75,190,Guard
78321,78,205,Forward
1519,81,265,Center
1629017,75,210,Guard
202498,80,240,Forward
78322,80,220,Forward
1501,82,240,Forward
202717,82,245,Forward
78323,78,210,Guard
1631,79,195,Forward
78325,80,225,Forward
78326,76,195,Guard
78327,74,200,Guard
201574,83,250,Forward-Center
78328,82,225,Forward
78329,83,260,Center
202691,79,215,Guard
78331,82,226,Center
78332,78,210,Guard
78333,76,185,Forward
202684,82,238,Center-Forward
78335,76,195,Guard
201154,80,235,Forward
738,82,225,Forward
1628414,77,215,Guard
901,82,248,Center-Forward
9,74,185,Guard
600001,83,225,Center
78340,72,175,Guard
78341,73,190,Guard
78342,72,185,Guard
78343,83,215,Center
78344,76,205,Forward
47,81,260,Forward
78346,77,220,Forward
78348,81,225,Forward
78347,79,235,Forward
201229,80,250,Forward
78349,80,190,Forward
78350,80,218,Forward
78351,75,178,Guard
78352,74,178,Guard
78353,73,185,Guard
342,78,210,Forward
78355,78,215,Center
78356,81,210,Forward
78357,73,192,Forward
78358,80,230,Center
2351,78,210,Guard-Forward
78359,73,175,Guard
78360,72,185,Guard
1626253,79,210,Guard-Forward
78361,67,150,Guard
78363,76,210,Center
78364,79,190,Forward
1626157,84,248,Center
78365,75,175,Guard
78366,80,205,Forward
78367,79,210,Forward
1714,80,284,Forward-Center
718,80,250,Forward
1629018,78,205,Guard
2244,76,200,Guard
78651,79,215,Forward
1629019,77,200,Guard
78368,72,170,Guard
78369,78,220,Forward
2456,86,240,Center
2054,86,290,Center
78370,78,206,Forward
78371,77,190,Forward
2401,84,225,Forward
78372,80,190,Forward
141,80,220,Forward
78374,79,185,Forward
200782,78,245,Forward
78375,77,193,Guard
1726,81,216,Forward
2045,82,220,Forward
78377,71,160,Guard
78385,79,220,Forward
78378,77,190,Guard
202323,79,220,Guard-Forward
78379,79,200,Guard
78380,76,170,Guard
78382,77,200,Guard
78381,81,230,Forward
1819,80,245,Forward
1626167,83,250,Center-Forward
78386,83,240,Center
78387,73,175,Guard
78388,78,210,Forward
189,73,185,Guard
202719,82,250,Forward
78390,79,215,Forward
78391,80,230,Center
202327,82,245,Center-Forward
2757,75,205,Guard
78392,79,245,Center
78393,76,185,Guard
78394,74,180,Guard
1627784,81,221,Forward
202386,75,205,Guard
201987,77,205,Guard-Forward
202685,84,265,Center
78395,74,183,Guard
1627756,78,210,Guard
78396,79,210,Forward
78397,75,185,Guard
78398,77,210,Guard
78399,77,202,Forward
78401,75,185,Guard-Forward
78400,79,195,Forward
89,73,190,Guard
1496,82,245,Forward
78406,73,173,Guard
1627832,72,195,Guard
78402,75,195,Guard
78403,80,215,Forward
1629020,81,214,Forward
78405,75,195,Forward
78404,80,220,Forward
78407,85,255,Center
2128,77,200,Guard
2237,85,265,Center
202363,81,230,Forward-Center
78409,75,190,Guard
1521,73,190,Guard
78411,76,205,Forward
919,81,240,Forward-Center
78413,73,190,Guard
78414,81,215,Forward
202686,84,242,Forward
78415,78,195,Forward
78416,81,215,Forward
101111,83,232,Forward
78418,79,220,Forward
78417,74,185,Guard
78419,81,240,Forward
78420,76,205,Forward
78421,82,218,Center
203943,81,250,Forward
2063,83,255,Center
78423,79,210,Forward
78425,84,220,Center
202696,84,260,Center
2756,79,195,Guard
2548,76,220,Guard
78426,71,160,Guard
101144,77,209,Guard
78427,77,210,Center
78428,72,170,Guard
78429,77,185,Guard
1629021,83,245,Center
203079,76,215,Guard
78430,83,225,Center
78431,74,175,Guard
78432,82,220,Center
78433,76,190,Guard
952,81,245,Forward
78434,78,205,Forward
78435,79,212,Forward
78437,76,180,Guard
78436,73,172,Guard
201611,78,235,Forward
78438,75,210,Forward
78439,75,195,Guard
202689,73,184,Guard
78440,80,210,Forward
78441,75,180,Guard
78442,80,190,Forward
1629022,77,205,Guard
202322,76,210,Guard
1112,81,240,Forward-Center
2222,79,220,Forward
961,81,225,Forward
78443,73,185,Guard
1627820,77,198,Guard
78444,78,220,Forward
78445,76,215,Forward
78446,76,195,Forward
78447,74,160,Guard
78448,71,163,Guard
78450,83,210,Center
78449,72,160,Guard
2575,80,235,Forward
1628476,73,185,Guard
202954,76,210,Guard
78453,72,170,Guard
78454,74,165,Guard
78455,76,195,Guard
78456,76,195,Guard
78457,79,210,Forward
78458,77,200,Forward
78459,77,200,Guard
78460,81,220,Forward
78461,75,180,Guard
203933,80,215,Forward
202378,76,203,Guard
78462,77,195,Guard
78463,83,225,Center
1627395,80,209,Forward-Guard
78469,71,175,Guard
78464,76,195,Guard
78465,74,190,Guard
1540,76,190,Forward-Guard
78466,79,210,Forward
78467,80,230,Forward
78468,82,220,Forward
78470,76,190,Guard
78471,81,227,Forward
1629139,81,205,Guard-Forward
201208,83,258,Center
201228,74,175,Guard
2248,73,199,Guard
78474,78,210,Forward
78473,73,175,Guard
204037,82,225,Forward
221,79,270,Forward
78475,79,195,Forward
78477,76,170,Guard
78478,81,255,Forward
1627821,81,202,Forward
1627362,74,165,Guard
78479,78,225,Center
1067,80,232,Forward
101110,79,230,Forward-Guard
78481,85,225,Center
78482,79,215,Forward
78483,76,180,Forward
78484,81,230,Forward
78485,75,180,Guard
78486,74,175,Guard
1719,77,210,Guard-Forward
1528,77,230,Forward
78488,79,200,Forward
78489,73,180,Guard
1846,84,245,Center
2412,79,208,Forward
1629118,84,255,Center
78492,85,250,Center
438,83,250,Center
133,73,203,Guard
78495,83,220,Center
2561,81,250,Forward
2753,75,180,Guard
78497,75,175,Guard
201238,77,210,Guard
78499,76,178,Guard
201566,75,200,Guard
78500,76,195,Guard
78501,77,190,Guard
1545,72,165,Guard
78504,73,185,Guard
78506,73,180,Guard
201591,81,250,Forward
1628401,76,190,Guard
78507,80,200,Forward
78508,74,195,Guard
78509,76,205,Guard
200778,79,215,Guard-Forward
78510,75,190,Guard
1839,80,240,Forward
2206,81,230,Forward
78512,80,210,Forward
78513,74,195,Guard
202358,77,213,Guard
78514,74,170,Guard
78515,75,195,Guard
1628510,79,210,Forward
1627785,76,213,Guard
78516,82,220,Center
202355,84,265,Center
730,79,240,Forward
78519,77,235,Forward
43,72,175,Guard
203963,83,250,Forward-Center
78520,81,225,Forward
78521,69,155,Guard
78522,76,215,Forward
203952,80,194,Forward-Guard
78523,76,185,Guard
78524,78,195,Forward
203912,77,195,Guard
2404,82,235,Forward-Center
78525,74,165,Guard
78526,82,210,Center
78527,81,200,Forward
78528,76,185,Guard
78529,74,185,Guard
78530,73,180,Guard
78531,78,195,Guard
78532,78,190,Forward
78533,79,195,Forward
1122,80,230,Forward
78534,82,220,Center
78537,82,230,Center
78538,82,220,Forward
1626210,80,265,Forward-Center
78539,73,180,Guard
78540,75,175,Guard
78564,78,230,Forward
433,80,225,Forward
203710,77,226,Guard
78547,74,175,Guard
78541,75,180,Guard
78543,75,180,Guard
101258,75,190,Guard
101114,75,200,Guard
78545,74,180,Guard
78546,79,230,Center
2421,75,212,Guard
78548,76,190,Guard
78549,74,175,Guard
78550,81,200,Forward
1006,83,260,Center
73,83,245,Center
2398,74,195,Guard
966,81,206,Forward-Center
78554,80,235,Forward
1629140,81,228,Forward
202716,82,260,Center
78555,81,205,Forward
1629026,79,210,Guard-Forward
78556,74,175,Guard
101150,73,175,Guard
200766,75,205,Guard
201173,79,207,Guard
101107,81,237,Forward
78558,80,255,Guard
78560,74,182,Guard
2590,73,198,Guard
42,80,225,Forward
78561,76,215,Guard
78566,79,190,Forward
78571,75,188,Guard
78563,73,175,Guard
78565,74,175,Guard
78567,75,188,Guard
78568,75,180,Guard
78569,80,210,Forward
201157,82,235,Forward-Center
1742,73,201,Guard
200761,82,230,Forward
200749,81,250,Center-Forward
78570,79,210,Forward
201944,78,220,Guard-Forward
1627786,79,218,Forward
78573,76,195,Forward
78574,79,200,Forward
1629057,82,240,Center-Forward
722,79,245,Forward
78575,74,185,Guard
788,84,245,Center-Forward
78577,80,205,Forward
78586,76,185,Guard
78585,74,175,Guard
1628391,82,231,Forward
78579,80,225,Center
78580,74,175,Guard
78581,75,175,Guard
78582,80,200,Forward
78578,72,190,Guard
78583,76,200,Guard
78584,75,195,Guard
78587,75,175,Guard
1027,79,210,Forward
1627787,82,240,Forward
78589,77,210,Forward
78590,73,160,Guard
78591,80,215,Forward
78592,74,174,Guard
766,77,187,Guard-Forward
78596,78,210,Forward
78597,73,164,Guard
1626159,79,225,Forward-Guard
1984,80,225,Forward
78600,76,185,Guard
78601,80,200,Forward
78602,78,210,Forward
78603,84,235,Center
1456,78,210,Guard
78605,79,190,Guard
78606,74,185,Guard
2106,82,275,Forward
78610,78,193,Guard
1626174,82,214,Forward
116,81,230,Forward
78609,79,235,Forward
78611,75,185,Guard
2254,86,260,Center
2417,80,220,Forward-Guard
1010,70,185,Guard
78614,77,195,Guard
78615,81,215,Forward
78616,81,215,Center
78617,79,218,Forward
1897,79,260,Forward
78618,77,195,Guard
1460,81,225,Forward
101152,75,201,Guard
78620,83,225,Forward
202874,81,226,Forward
1626153,77,183,Guard
2748,81,205,Forward-Guard
78621,80,220,Forward
78622,80,220,Forward
201153,80,225,Forward
78623,73,160,Guard
953,83,255,Forward-Center
1007,86,270,Center
203100,78,205,Guard
78627,74,180,Guard
1627824,80,260,Forward
2397,90,310,Center
2428,79,210,Forward
78628,77,190,Forward
78629,79,215,Forward
78630,80,235,Center
78631,74,190,Guard
201146,84,250,Forward
78632,81,220,Forward
78633,76,175,Guard
1626202,74,185,Guard
78634,79,220,Guard
78635,77,210,Guard
201970,78,225,Forward-Guard
201152,80,221,Forward
1937,86,270,Center
1629027,74,180,Guard
78638,74,170,Guard
78639,79,215,Forward
203469,84,240,Center
78640,73,175,Guard
78641,75,205,Guard
78642,76,210,Center
203092,84,253,Center
78643,80,210,Forward
78644,82,230,Forward
1627757,84,240,Center
1627835,80,226,Forward
1627790,83,254,Center
78647,85,240,Center
78648,73,170,Guard
1627826,85,240,Center
78650,75,195,Guard
