,PLAYER_ID,HEIGHT,WEIGHT,POSITION
0,76001,6-10,240,Forward
1,76002,6-9,235,Center
2,76003,7-2,225,Center
3,51,6-1,162,Guard
4,1505,6-6,235,Forward-Guard
5,949,6-9,245,Forward
6,76005,6-7,220,Forward
7,76006,6-3,180,Guard
8,76007,6-3,195,Forward
9,101165,6-5,185,Guard
10,76008,6-0,183,Guard
11,76009,6-11,220,Center
12,76010,6-6,210,Forward
13,76011,6-9,210,Center
14,76012,6-7,210,Forward
15,1629121,6-2,190,Guard
16,203919,6-5,209,Guard
17,149,5-10,165,Guard
18,203500,7-0,265,Center
19,912,6-8,241,Forward
20,1628389,6-10,255,Center-Forward
21,1629061,6-7,200,Forward
22,76015,6-2,175,Guard
23,201167,6-5,210,Guard
24,76016,6-6,232,Forward
25,201336,6-2,190,Guard
26,76017,6-5,175,Guard
27,201582,7-2,248,Center
28,76018,6-10,225,Center
29,203006,5-11,185,Guard
30,202374,7-1,252,Center
31,76019,6-8,217,Forward
32,76020,6-9,225,Center
33,203128,6-10,240,Forward-Center
34,202332,6-11,253,Center
35,200746,6-11,260,Center-Forward
36,76021,6-11,260,Center
37,1626146,6-8,240,Forward
38,724,6-1,190,Guard
39,2042,6-5,205,Guard
40,76022,6-7,240,Forward
41,201570,6-8,230,Forward
42,2349,6-10,265,Forward
43,76024,6-2,183,Guard
44,1628959,6-5,225,Guard
45,76028,6-9,205,Forward
46,1628960,6-5,198,Guard
47,1628386,6-11,237,Center
48,706,6-4,184,Guard
49,1628443,6-3,200,Guard
50,202730,6-9,260,Forward-Center
51,76027,6-2,175,Guard
52,2124,6-10,255,Forward
53,76025,6-8,220,Forward
54,951,6-5,205,Guard
55,76029,6-6,195,Forward
56,200984,6-11,250,Center
57,76030,6-8,220,Forward
58,201165,6-6,225,Guard
59,1747,6-2,175,Guard
60,680,6-10,270,Forward-Center
61,202329,6-9,220,Forward
62,200811,6-9,220,Forward
63,76034,6-3,200,Forward
64,101187,6-6,220,Forward-Guard
65,76035,6-2,200,Guard
66,76036,6-2,185,Guard
67,1507,6-5,195,Guard
68,76037,6-3,185,Guard
69,944,6-9,220,Forward
70,246,6-10,250,Center-Forward
71,202341,6-6,213,Guard-Forward
72,76040,6-5,195,Guard
73,1626147,6-6,230,Guard-Forward
74,76041,6-7,200,Forward
75,203937,6-9,230,Forward
76,76042,5-11,184,Guard
77,76043,6-8,195,Forward
78,98,6-6,228,Forward-Guard
79,76045,6-10,240,Forward
80,76046,6-7,215,Forward
81,201583,6-10,240,Forward
82,1000,6-6,215,Guard-Forward
83,335,6-8,200,Guard-Forward
84,76048,6-7,220,Center
85,101149,7-2,240,Center
86,76049,6-7,190,Forward
87,76050,6-7,225,Forward
88,1512,7-0,249,Center
89,203507,6-11,242,Forward
90,1628961,6-10,200,Forward
91,21,6-1,180,Guard
92,201202,6-9,245,Center
93,203544,6-11,260,Forward-Center
94,1628384,6-8,232,Forward
95,2737,6-11,270,Center
96,76053,6-4,210,Forward
97,76054,6-1,150,Guard
98,2425,6-11,250,Forward
99,1627853,6-3,200,Guard
100,76055,6-9,215,Center
101,2240,6-4,215,Guard
102,2772,6-8,215,Forward
103,76056,6-4,190,Forward
104,76057,6-9,230,Forward
105,769,6-2,185,Guard
106,76061,6-8,220,Center
107,2220,6-5,185,Guard
108,353,6-1,180,Guard
109,200756,6-11,235,Forward-Center
110,76060,5-11,170,Guard
111,76059,6-3,175,Guard
112,76062,6-5,220,Forward
113,76063,6-2,175,Guard
114,76064,6-5,205,Forward
115,2306,6-2,200,Guard
116,201589,6-9,235,Forward
117,76065,6-4,185,Guard
118,1628503,6-7,213,Guard
119,201600,7-0,255,Center
120,173,6-8,215,Forward-Guard
121,76068,6-2,185,Guard
122,76069,6-2,190,Guard
123,1088,5-11,185,Guard
124,76070,6-1,175,Guard
125,76071,5-10,137,Guard
126,278,6-8,213,Forward-Guard
127,201571,6-0,183,Guard
128,200788,6-10,235,Forward
129,76073,6-0,170,Guard
130,76074,6-9,205,Forward
131,138,6-9,240,Center
132,76076,6-2,170,Guard
133,1895,6-2,180,Guard
134,76078,6-10,235,Center
135,201965,6-9,250,Forward-Center
136,1629028,7-1,250,Forward
137,101235,6-5,215,Guard
138,203569,6-5,225,Guard
139,202337,6-9,225,Forward
140,76079,7-0,240,Center
141,76080,6-2,180,Forward
142,1628407,6-7,221,Guard-Forward
143,76081,6-4,205,Forward
144,2053,7-1,290,Center
145,76082,6-0,185,Guard
146,1628963,6-11,234,Forward
147,76084,7-0,210,Center
148,76083,6-5,185,Guard
149,76085,6-9,220,Forward
150,1847,6-11,247,Forward
151,1753,6-6,213,Guard
152,203946,6-9,250,Forward-Center
153,203946,6-9,250,Forward-Center
154,76089,6-0,180,Guard
155,452,6-11,240,Forward
156,76090,6-8,210,Forward
157,1628366,6-6,190,Guard
158,76091,6-7,215,Forward
159,76092,6-4,195,Forward
160,1628964,7-0,221,Center
161,76093,6-7,215,Forward
162,2556,6-2,205,Guard
163,76094,6-9,235,Forward
164,76095,6-9,200,Forward
165,76096,6-6,210,Forward
166,2571,6-3,194,Guard
167,76097,6-5,190,Guard
168,200826,6-0,185,Guard
169,76098,6-2,185,Guard
170,76099,6-11,225,Center
171,787,6-6,252,Forward
172,2057,6-1,185,Guard
173,76102,6-6,200,Forward
174,203084,6-8,225,Forward
175,76103,6-3,205,Forward
176,76105,6-8,210,Center
177,76104,6-9,210,Forward
178,2440,6-7,226,Forward
179,76107,6-4,190,Guard
180,76106,6-4,170,Guard
181,76108,6-1,180,Guard
182,76109,6-4,205,Guard
183,76110,6-4,190,Forward
184,76111,6-3,205,Forward
185,76112,6-3,180,Guard
186,76113,6-4,195,Guard
187,2853,7-0,250,Forward-Center
188,344,5-11,165,Guard
189,699,6-7,210,Guard
190,1003,6-5,191,Guard
191,600013,6-7,205,Forward
192,76117,6-6,195,Forward
193,76118,7-0,230,Center
194,203115,6-6,190,Guard
195,101188,6-5,215,Guard
196,76119,6-7,190,Forward
197,101138,6-8,250,Forward
198,76120,6-8,225,Forward
199,1766,6-10,230,Forward
200,76121,6-4,210,Guard
201,1628966,6-9,229,Forward
202,101212,6-10,268,Forward-Center
203,1499,6-11,240,Center
204,2203,6-8,220,Forward
205,174,6-2,175,Guard
206,76123,6-6,210,Guard
207,76124,6-10,240,Center
208,201587,6-8,200,Forward-Guard
209,76125,6-5,200,Forward
210,76126,5-10,170,Guard
211,2437,6-8,260,Forward
212,201573,6-3,200,Guard
213,76127,6-5,225,Forward
214,203382,6-10,260,Center-Forward
215,76128,6-2,168,Guard
216,203145,6-5,201,Guard
217,76129,6-3,200,Forward
218,203078,6-5,207,Guard
219,76130,6-3,185,Guard
220,76131,5-10,175,Guard
221,2602,6-9,237,Forward
222,1627736,6-5,195,Guard
223,76133,6-9,225,Center
224,201958,6-2,185,Guard
225,76134,6-9,225,Center
226,1133,6-3,200,Guard
227,76136,6-4,190,Guard
228,76137,6-1,185,Guard
229,76138,7-0,225,Center
230,76139,6-5,185,Center
231,76140,6-9,185,Forward
232,76141,6-7,210,Center
233,201158,6-5,210,Guard-Forward
234,2294,6-3,200,Guard
235,76142,6-5,185,Forward
236,1628395,6-9,224,Forward
237,1952,6-5,210,Guard
238,2559,6-1,180,Guard
239,76143,6-0,180,Guard
240,76144,6-10,225,Center
241,1627761,6-6,210,Guard-Forward
242,76145,6-3,185,Forward
243,76146,6-4,185,Guard
244,1627733,7-1,225,Forward
245,1886,7-0,230,Forward
246,712,6-9,235,Center-Forward
247,76151,6-7,200,Forward
248,76148,6-0,175,Guard
249,76152,6-7,210,Guard
250,128,6-8,220,Forward
251,76154,6-11,235,Center
252,76155,5-11,175,Guard
253,76156,6-8,210,Center
254,76157,6-8,205,Forward
255,76158,6-8,215,Forward
256,1629541,6-4,200,Guard
257,202722,6-10,225,Forward
258,76159,5-11,165,Guard
259,696,5-11,182,Guard
260,201976,6-1,185,Guard
261,76160,6-3,185,Guard
262,76161,5-11,175,Guard
263,76162,6-1,185,Guard
264,1710,6-2,195,Guard
265,76163,6-1,175,Guard
266,76164,6-7,240,Center
267,76165,6-7,215,Forward
268,1497,6-3,210,Guard
269,76166,6-3,180,Guard
270,76167,6-8,235,Forward
271,203920,6-9,233,Center
272,1628444,6-6,198,Guard
273,76168,6-6,210,Forward
274,1449,6-9,220,Forward
275,76170,6-3,190,Guard
276,76171,6-3,195,Forward
277,202687,6-9,255,Center
278,202357,6-10,234,Forward
279,76172,7-1,252,Center
280,76173,6-4,200,Forward
281,76174,6-5,185,Guard
282,204028,6-9,250,Forward-Center
283,76175,6-10,220,Center
284,76176,6-6,190,Guard
285,76180,6-6,250,Forward
286,76177,6-6,210,Forward
287,1806,6-0,190,Guard
288,76179,6-4,170,Guard
289,2581,6-3,172,Guard
290,202392,6-5,225,Forward
291,1628469,6-4,192,Guard
292,200807,6-0,205,Guard
293,76182,6-1,175,Guard
294,76183,6-4,190,Guard
295,76184,6-7,215,Forward
296,101154,6-11,260,Center-Forward
297,202339,6-1,205,Guard
298,76186,6-2,160,Guard
299,76187,6-10,207,Forward
300,76188,6-6,190,Center
301,1628417,6-8,220,Forward
302,916,6-10,242,Forward-Center
303,1548,7-0,250,Center-Forward
304,1629129,6-6,198,Guard-Forward
305,76189,6-4,185,Guard
306,76190,6-0,170,Guard
307,76191,6-4,200,Guard
308,76192,7-0,265,Center
309,2586,6-5,215,Guard-Forward
310,203992,6-6,205,Guard
311,202711,6-8,216,Forward
312,101106,7-0,260,Center
313,76195,7-6,200,Center
314,1628413,6-10,220,Forward
315,76196,6-5,205,Forward
316,76197,6-4,195,Guard
317,76203,6-8,220,Forward
318,76198,6-2,175,Guard
319,1603,6-5,200,Guard
320,1629067,6-8,180,Guard
321,76201,6-4,192,Forward
322,41,6-8,230,Forward
323,2588,6-10,235,Center-Forward
324,1626164,6-6,210,Forward
325,511,6-2,185,Guard
326,202344,6-8,228,Forward
327,200767,6-10,240,Forward-Center
328,76204,6-2,200,Guard
329,1916,6-11,230,Center
330,1522,6-6,226,Forward
331,76206,6-8,215,Forward
332,2430,6-9,258,Forward
333,2414,7-0,242,Center
334,76207,6-5,200,Forward
335,1953,6-8,220,Forward
336,76209,6-8,220,Center
337,76210,6-5,210,Forward
338,2547,6-11,235,Forward
339,76211,6-7,225,Forward
340,76212,6-8,225,Forward
341,76213,6-8,220,Forward
342,1628449,6-10,200,Forward
343,2257,7-0,257,Center
344,76214,6-4,210,Forward
345,1898,6-10,253,Forward
346,1477,6-7,200,Forward
347,194,6-6,200,Guard
348,76217,7-1,235,Center
349,76219,6-10,230,Center
350,76221,6-1,175,Guard
351,76222,6-2,180,Guard
352,76223,6-5,195,Forward
353,1863,5-5,133,Guard
354,76224,6-9,225,Center
355,76225,6-6,185,Guard
356,76226,6-1,175,Guard
357,202342,6-10,230,Forward
358,76227,6-8,210,Forward
359,76228,6-6,215,Forward
360,76229,6-6,190,Forward
361,202340,6-2,180,Guard
362,76233,6-5,205,Forward
363,76230,6-5,215,Guard
364,76231,6-6,195,Guard
365,76232,6-3,175,Guard
366,2214,6-10,245,Forward
367,762,7-6,275,Center
368,1628396,6-10,248,Center
369,1361,6-10,265,Center
370,66,6-8,230,Forward
371,1765,6-8,245,Forward
372,76237,6-7,185,Forward
373,1882,6-9,254,Forward
374,210,5-11,173,Guard
375,76238,6-6,215,Forward
376,76239,6-10,220,Forward
377,76240,6-7,195,Forward
378,76241,6-1,170,Guard
379,76242,6-2,185,Guard
380,76243,6-5,180,Guard
381,2452,6-2,185,Guard
382,76245,6-6,205,Forward
383,76246,6-3,195,Forward
384,76247,7-3,230,Center
385,201147,6-9,186,Guard-Forward
386,76248,6-9,210,Forward
387,76249,6-4,180,Guard
388,200758,6-7,235,Forward
389,2056,7-1,255,Center
390,76250,6-1,180,Guard
391,76252,6-5,210,Forward
392,76253,6-5,228,Forward
393,1628969,6-7,210,Forward
394,1628970,6-7,225,Forward
395,76254,6-2,195,Forward
396,76255,6-4,175,Forward
397,76256,6-5,210,Forward
398,76257,6-7,210,Forward
399,76258,6-4,190,Guard
400,76259,6-2,185,Guard
401,76260,7-0,235,Center
402,76261,6-4,180,Guard
403,201972,6-7,255,Forward
404,1629151,6-7,215,Guard-Forward
405,76262,6-4,185,Guard
406,1627763,6-5,229,Guard
407,76263,6-4,178,Guard
408,76264,6-4,185,Forward
409,201166,6-0,161,Guard
410,1628415,6-6,220,Guard-Forward
411,76265,6-6,200,Forward
412,76266,6-7,220,Forward
413,418,5-11,165,Guard
414,1626148,6-7,224,Forward-Guard
415,76284,6-4,205,Forward
416,1628971,6-5,202,Guard
417,359,6-8,220,Forward
418,76270,6-2,175,Forward
419,201974,6-8,233,Forward
420,2484,6-5,210,Guard
421,2081,7-0,244,Center
422,76272,6-3,182,Guard
423,76273,6-6,190,Forward
424,1871,6-4,210,Guard
425,76275,6-0,155,Guard
426,203913,6-5,214,Guard
427,1627759,6-7,220,Guard
428,76276,6-7,220,Forward
429,2198,6-11,290,Center
430,76278,6-3,190,Forward
431,76279,6-11,225,Center
432,203900,6-3,190,Guard
433,1479,6-10,260,Center-Forward
434,76277,6-3,180,Forward
435,136,6-11,239,Forward-Center
436,753,6-2,190,Guard
437,76282,6-8,220,Forward
438,76283,6-10,215,Center
439,76286,6-11,225,Center
440,76285,6-3,200,Forward
441,1628425,6-6,232,Guard
442,76268,6-6,185,Forward
443,1628972,6-7,215,Forward
444,76287,6-10,235,Center
445,76288,6-6,210,Forward
446,1628973,6-3,190,Guard
447,1594,6-4,190,Guard
448,76289,6-1,175,Guard
449,76290,6-10,185,Forward
450,977,6-6,212,Forward-Guard
451,95,6-9,250,Forward
452,1628418,6-11,248,Center
453,76291,7-0,245,Center
454,76292,6-9,250,Forward
455,76293,6-7,210,Forward
456,76294,6-6,215,Forward
457,76295,6-9,210,Forward
458,1761,6-4,210,Guard
459,76296,6-3,190,Guard
460,76297,6-6,205,Forward
461,201978,6-7,209,Forward
462,76298,6-5,220,Forward
463,146,6-6,228,Guard-Forward
464,1934,6-5,195,Forward-Guard
465,672,6-10,229,Forward
466,203493,6-7,205,Guard-Forward
467,76300,6-6,190,Forward
468,76301,6-0,170,Guard
469,76302,6-7,250,Center
470,76303,6-2,185,Guard
471,2469,6-11,250,Center-Forward
472,203504,6-1,175,Guard
473,76304,6-5,175,Guard
474,202692,6-6,214,Guard
475,2766,6-0,195,Guard
476,101207,6-3,205,Guard
477,76305,7-2,225,Center
478,76306,6-3,190,Guard
479,76307,6-2,180,Guard
480,76308,6-8,260,Forward
481,76309,6-3,195,Guard
482,197,6-7,218,Guard
483,76311,6-5,220,Forward
484,675,6-8,242,Forward
485,76313,6-7,228,Center
486,1629126,6-5,245,Guard-Forward
487,76314,6-6,225,Forward
488,76316,6-2,185,Guard
489,76317,6-4,190,Guard
490,202221,6-11,240,Center
491,76318,6-2,200,Guard
492,76319,6-2,175,Guard
493,2406,6-7,228,Forward
494,202364,6-7,230,Forward
495,76320,6-11,240,Center
496,2866,6-10,260,Center
497,202710,6-8,232,Guard-Forward
498,348,6-5,210,Guard
499,202779,6-3,190,Guard
500,201182,6-7,220,Guard-Forward
501,101115,7-0,285,Center
502,101198,6-0,185,Guard
503,76321,6-7,215,Forward
504,76322,6-3,175,Guard
505,76323,6-1,170,Forward
506,2560,6-11,230,Forward-Center
507,76324,6-7,175,Forward
508,203998,6-9,218,Forward
509,679,6-8,256,Forward
510,76326,6-1,175,Guard
511,201979,6-6,213,Guard
512,101181,6-3,200,Guard
513,76328,6-10,240,Center
514,76329,6-5,195,Forward
515,203484,6-5,205,Guard
516,76331,6-3,180,Forward
517,76330,6-7,210,Forward
518,76332,6-1,165,Guard
519,76333,6-1,180,Guard
520,76334,6-6,180,Guard
521,76335,5-10,145,Guard
522,76336,6-0,165,Guard
523,76337,6-7,224,Forward
524,948,6-11,240,Center-Forward
525,922,7-0,279,Center-Forward
526,76338,6-7,215,Forward
527,76339,6-4,195,Guard
528,203991,6-10,240,Center
529,202382,6-9,275,Forward
530,2073,6-8,240,Forward
531,76340,5-9,160,Guard
532,76341,6-5,195,Forward
533,76342,6-5,210,Guard
534,76343,6-11,235,Center
535,76344,6-0,170,Guard
536,76345,6-3,170,Center
537,76346,6-5,200,Forward
538,76348,6-4,200,Guard
539,1757,6-4,210,Guard
540,76350,6-7,220,Forward
541,76351,6-6,205,Forward
542,76352,6-6,195,Guard
543,201960,6-8,215,Forward
544,76353,7-0,225,Center
545,76355,6-5,180,Guard
546,76356,6-3,185,Guard
547,76357,6-4,210,Forward
548,76358,6-5,215,Guard
549,76359,6-4,195,Forward
550,1628975,6-2,196,Guard
551,2466,6-5,210,Guard
552,76360,6-3,175,Guard
553,76361,6-5,190,Guard
554,1713,6-6,220,Guard-Forward
555,1628976,6-10,255,Center
556,203487,6-6,190,Guard
557,76362,7-1,245,Center
558,76363,6-7,220,Forward
559,1627936,6-5,186,Guard
560,76364,6-8,215,Forward
561,208,6-3,185,Guard
562,76365,6-9,218,Center
563,767,6-8,220,Forward
564,76367,6-6,230,Forward
565,1509,6-11,275,Center
566,76368,6-9,250,Forward
567,1626161,7-0,240,Center
568,1628505,6-4,210,Guard
569,190,7-0,255,Center
570,1628463,6-9,238,Forward
571,76370,7-1,230,Center
572,76,6-7,220,Forward
573,1911,6-3,190,Guard
574,76373,5-11,170,Guard
575,2763,6-0,180,Guard
576,201596,6-2,190,Guard
577,76374,6-6,188,Forward
578,76375,7-1,250,Center
579,76376,6-5,185,Forward
580,76378,6-10,230,Forward
581,2199,7-1,240,Center
582,201163,6-9,225,Forward
583,76379,6-5,210,Guard
584,76380,6-3,185,Forward
585,76382,6-8,240,Forward
586,76383,6-3,180,Guard
587,76384,6-7,225,Forward
588,1629147,6-3,190,Guard
589,384,6-7,210,Guard-Forward
590,76385,6-1,180,Guard
591,76386,6-3,180,Guard
592,76387,6-7,195,Forward
593,432,6-10,245,Forward
594,164,6-3,195,Guard
595,1629185,6-0,175,Guard
596,76391,6-2,190,Forward
597,76392,6-11,220,Center
598,1627737,6-10,240,Forward
599,76393,6-4,210,Guard
600,76394,6-5,210,Forward
601,76395,6-10,255,Center
602,1626176,6-9,250,Forward
603,203902,6-3,190,Guard
604,928,6-6,195,Forward
605,76397,6-2,175,Guard
606,76398,6-4,210,Guard
607,201947,6-10,234,Forward
608,1629109,6-8,225,Forward
609,203546,6-3,175,Guard
610,1721,6-11,221,Center-Forward
611,203903,6-5,194,Guard
612,1127,7-0,265,Center
613,2049,5-11,170,Guard
614,76402,6-3,185,Guard
615,76403,6-6,210,Forward
616,1628499,6-6,195,Guard
617,76404,6-6,220,Center
618,76406,6-6,195,Forward
619,1569,7-3,212,Center
620,76407,6-2,180,Guard
621,76408,6-10,235,Center
622,76409,6-7,198,Forward
623,76410,6-6,212,Guard
624,76411,6-3,190,Guard
625,202708,6-2,175,Guard
626,76412,6-9,235,Forward
627,76413,6-8,225,Forward
628,76414,6-7,195,Forward
629,76415,6-8,210,Forward
630,902,6-2,182,Guard
631,2044,7-0,260,Center
632,76416,6-4,185,Guard
633,76418,6-6,190,Guard
634,76421,6-6,180,Guard
635,1530,6-4,196,Guard
636,2215,7-0,255,Center
637,76419,6-2,175,Guard
638,1628381,6-10,235,Forward
639,200776,6-6,220,Guard
640,1628380,7-0,235,Forward-Center
641,1627858,6-6,210,Guard
642,201954,6-0,175,Guard
643,2555,6-10,255,Forward-Center
644,76422,6-5,210,Forward
645,1629045,6-6,225,Forward
646,2173,6-0,175,Guard
647,306,6-3,165,Guard
648,76425,6-8,210,Forward
649,76426,6-9,205,Center
650,76427,6-5,210,Guard
651,76428,6-8,225,Center
652,201144,6-1,175,Guard
653,76429,6-6,200,Forward
654,1626192,6-4,209,Guard
655,76431,6-4,180,Guard
656,76432,6-5,190,Forward
657,76433,6-9,205,Forward
658,76434,6-3,185,Guard
659,76438,5-10,155,Guard
660,2567,6-9,250,Center-Forward
661,201161,6-5,210,Guard
662,76435,6-3,184,Guard
663,76436,6-10,215,Forward
664,76437,6-8,210,Forward
665,2241,6-1,190,Guard
666,1626188,6-2,179,Guard
667,1628429,6-5,196,Guard
668,76439,6-8,230,Forward
669,76440,6-3,175,Guard
670,204022,6-10,274,Center-Forward
671,76442,6-5,210,Forward
672,1030,6-1,185,Guard
673,76443,6-10,230,Center
674,76444,6-7,170,Guard
675,76441,6-10,220,Center
676,76446,6-10,275,Forward
677,76447,6-6,180,Forward
678,76448,6-6,190,Forward
679,76450,6-0,185,Guard
680,76452,6-0,180,Guard
681,76453,6-11,250,Center
682,76454,6-1,186,Guard
683,1627856,6-10,240,Forward-Center
684,203955,6-1,165,Guard
685,76456,6-7,200,Forward
686,76457,6-7,225,Forward
687,76458,7-0,230,Center
688,76459,6-1,188,Guard
689,202408,6-11,255,Forward
690,202326,6-11,270,Center
691,600003,6-1,175,Guard
692,203496,6-9,225,Forward
693,76462,6-9,230,Center
694,76463,6-2,180,Guard
695,76464,6-4,180,Guard
696,76465,6-6,215,Forward
697,203459,6-6,212,Guard-Forward
698,1628470,6-7,215,Forward
699,1544,6-9,235,Forward
700,76466,6-4,189,Guard
701,2037,6-5,185,Forward
702,201621,6-5,210,Guard
703,202348,6-5,195,Guard
704,1628249,6-6,225,Forward-Guard
705,76468,6-8,200,Forward
706,76469,7-0,235,Center
707,76470,6-3,215,Forward
708,2343,6-0,185,Guard
709,76471,5-8,165,Guard
710,76472,6-7,233,Forward
711,201159,6-5,200,Guard
712,76473,6-4,205,Forward
713,76474,6-11,280,Center
714,76475,6-4,195,Guard
715,76476,6-10,240,Forward
716,76477,6-9,230,Center
717,76478,6-10,215,Center
718,76479,6-1,165,Guard
719,76481,6-7,210,Forward
720,76482,6-5,214,Forward
721,203109,6-6,235,Forward
722,76483,6-9,230,Center
723,76487,6-6,210,Forward
724,201967,6-8,230,Forward
725,76485,6-10,245,Center
726,1061,6-11,240,Center
727,76488,6-10,275,Center
728,76489,6-0,198,Forward
729,76492,6-0,175,Guard
730,209,6-5,205,Guard-Forward
731,203552,6-2,185,Guard
732,201939,6-3,190,Guard
733,687,7-1,260,Center
734,76505,6-3,185,Guard
735,76496,6-5,190,Forward
736,76497,6-3,180,Guard
737,76498,6-4,200,Forward
738,956,6-11,265,Center
739,76499,6-0,170,Guard
740,76500,6-6,195,Forward
741,1498,6-4,205,Guard
742,2605,6-6,200,Forward
743,76502,6-9,220,Center
744,203584,6-4,205,Forward
745,390,6-6,200,Guard
746,76504,6-5,208,Forward
747,76506,6-7,217,Center
748,76507,6-1,170,Guard
749,76509,6-4,210,Guard
750,76511,5-10,170,Guard
751,203540,6-8,215,Forward
752,921,7-0,245,Center
753,1600,6-9,230,Forward
754,201176,6-10,230,Forward
755,76514,6-1,175,Guard
756,203076,6-10,253,Forward-Center
757,76515,6-2,175,Guard
758,1884,6-3,212,Guard
759,76538,6-3,215,Forward
760,76533,6-7,215,Forward
761,76516,6-3,180,Guard
762,76517,6-7,200,Forward
763,76518,6-7,215,Forward
764,76519,6-1,160,Guard
765,905,6-11,252,Center-Forward
766,1627738,6-11,237,Guard
767,76521,6-8,220,Forward
768,202334,6-10,225,Center
769,76522,6-7,195,Forward
770,1023,6-5,195,Guard
771,201175,6-9,289,Forward-Center
772,76523,6-7,220,Forward
773,93,6-5,183,Guard
774,76524,6-7,220,Center
775,76525,6-9,225,Center
776,76526,6-2,170,Guard
777,707,6-7,205,Guard-Forward
778,76528,6-6,195,Forward
779,76529,6-6,220,Forward
780,76530,6-10,230,Forward
781,76531,6-3,185,Guard
782,76520,6-7,205,Forward
783,76532,6-4,180,Guard
784,76534,6-6,198,Guard
785,426,6-10,270,Center-Forward
786,76536,6-8,205,Center
787,1453,6-6,193,Guard
788,76539,6-11,251,Center
789,1008,6-2,165,Guard
790,76541,6-5,190,Forward
791,1626183,6-6,225,Forward
792,76542,6-7,215,Forward
793,201948,6-11,220,Forward
794,76543,6-8,220,Forward
795,201986,6-5,195,Guard
796,76545,6-6,220,Forward
797,76551,6-6,220,Center
798,201942,6-7,220,Guard
799,76562,6-5,215,Forward
800,76544,6-4,190,Guard
801,203473,7-0,245,Center
802,76546,6-8,205,Forward
803,143,6-4,190,Guard
804,1626155,6-9,230,Forward
805,1627098,6-3,190,Guard
806,183,6-11,260,Center-Forward
807,2568,6-6,230,Guard-Forward
808,1629116,6-10,245,Center
809,960,6-2,189,Guard
810,203521,6-4,200,Guard
811,76552,6-5,215,Forward
812,76553,6-9,225,Forward
813,76555,6-3,190,Guard
814,2736,6-9,237,Forward
815,76556,6-8,220,Forward
816,76557,6-2,175,Guard
817,76558,6-10,240,Center
818,76559,6-0,175,Guard
819,1629094,6-7,249,Forward
820,76560,6-1,170,Guard
821,76561,6-5,195,Guard
822,76568,6-0,180,Guard
823,1628978,6-4,203,Guard
824,1760,6-4,184,Guard
825,1627767,6-9,220,Forward
826,1628977,6-5,198,Guard
827,2564,6-8,250,Center-Forward
828,200821,6-7,225,Forward-Guard
829,2424,6-0,180,Guard
830,76563,6-4,190,Guard
831,1722,6-5,190,Guard
832,76564,6-7,218,Forward
833,76565,6-1,175,Guard
834,101143,6-1,175,Guard
835,203476,6-11,252,Center
836,76566,6-10,222,Center
837,76567,6-11,220,Center
838,76569,6-3,170,Guard
839,76570,6-3,190,Forward
840,76571,6-3,180,Forward
841,76574,6-1,170,Guard
842,76575,6-5,210,Forward
843,76576,6-7,220,Forward
844,203915,6-6,210,Guard
845,2205,7-0,280,Center
846,76577,6-7,189,Forward
847,76578,6-3,210,Guard
848,124,7-1,260,Center
849,2413,6-3,165,Guard
850,76580,6-5,175,Forward
851,1720,6-11,262,Center
852,76581,6-0,175,Guard
853,76582,6-4,195,Forward
854,76583,7-2,275,Center
855,1629029,6-7,218,Forward-Guard
856,76584,6-2,190,Guard
857,76586,5-11,171,Guard
858,76585,6-2,180,Guard
859,2039,6-3,195,Guard
860,76587,6-7,230,Forward
861,1628416,6-5,183,Guard
862,1628422,6-6,210,Guard
863,200763,6-3,175,Guard
864,76588,6-3,195,Guard
865,76589,6-2,170,Guard
866,76590,6-10,230,Center
867,76592,6-8,198,Forward
868,202220,6-3,191,Guard
869,76593,6-6,210,Center
870,76594,6-8,225,Center
871,76595,6-8,200,Forward
872,1628495,6-4,180,Guard
873,1628408,6-6,205,Guard-Forward
874,76596,6-9,210,Forward
875,201609,6-3,190,Guard
876,204054,6-5,200,Guard-Forward
877,1068,7-1,265,Center
878,76598,6-6,205,Forward
879,76599,6-1,170,Guard
880,203580,6-2,180,Guard
881,17,6-7,222,Guard
882,1041,6-5,215,Guard-Forward
883,76603,6-7,215,Forward
884,1542,6-11,270,Center
885,76604,7-2,250,Center
886,203083,6-11,279,Center
887,76623,6-3,175,Guard
888,76605,6-1,185,Guard
889,404,7-0,300,Center
890,76607,6-2,180,Guard
891,201,6-11,260,Center
892,201162,6-7,237,Forward
893,76608,6-2,180,Guard
894,76609,6-4,175,Forward
895,76610,6-3,185,Guard
896,2768,6-1,190,Guard
897,1626251,6-9,220,Forward
898,76611,7-0,220,Center
899,247,6-3,195,Guard
900,30,6-7,225,Forward
901,76615,6-6,195,Forward
902,1495,6-11,250,Center-Forward
903,2399,6-9,230,Guard-Forward
904,76616,6-3,180,Guard
905,1627739,6-4,205,Guard
906,76617,6-2,170,Guard
907,76618,6-4,192,Guard
908,201142,6-9,240,Forward
909,76619,6-3,195,Guard
910,1090,6-7,210,Forward
911,76621,6-7,200,Forward
912,76622,6-7,190,Forward
913,1628979,6-2,189,Guard
914,76624,6-4,200,Forward
915,76625,6-8,190,Forward
916,76626,6-6,225,Forward
917,202406,6-3,180,Guard
918,289,6-5,231,Guard
919,76628,6-11,215,Center
920,768,6-11,240,Forward-Center
921,76630,6-3,190,Forward
922,203921,6-8,210,Forward
923,76631,7-4,275,Center
924,76632,6-4,180,Guard
925,202365,6-9,215,Forward
926,76633,6-4,190,Guard
927,76634,6-6,225,Forward
928,2569,6-9,195,Forward
929,204067,6-7,218,Guard-Forward
930,76635,6-11,240,Center
931,76636,6-2,189,Forward
932,76637,6-8,205,Forward
933,76638,6-5,195,Guard
934,721,5-10,166,Guard
935,76646,6-8,215,Forward
936,346,6-7,235,Forward
937,76641,6-1,170,Guard
938,229,7-1,252,Center
939,76643,6-4,185,Forward
940,2823,7-0,275,Center
941,236,6-3,210,Guard
942,1629053,6-8,225,Forward
943,76647,6-0,180,Guard
944,76648,6-0,170,Guard
945,76649,6-3,198,Guard
946,76651,6-3,200,Guard
947,458,6-2,185,Guard
948,2064,5-10,200,Guard
949,76653,6-2,210,Forward
950,53,6-5,225,Guard-Forward
951,76655,6-8,230,Center
952,1627740,6-11,245,Forward
953,201961,6-5,200,Guard
954,76656,6-9,225,Center
955,251,6-8,220,Forward
956,76658,6-5,185,Forward
957,76664,6-9,197,Forward
958,1677,6-5,220,Forward-Guard
959,76661,6-6,175,Forward
960,111,6-8,240,Forward
961,1034,6-9,225,Center
962,76663,6-11,210,Forward
963,101145,6-3,185,Guard
964,600010,6-10,220,Center
965,76667,6-3,190,Guard
966,2408,6-10,260,Center-Forward
967,203954,7-0,250,Forward-Center
968,76668,6-8,240,Center
969,76669,6-2,200,Forward
970,76670,6-11,245,Center
971,76671,6-8,245,Forward
972,76672,6-3,175,Guard
973,76673,6-8,190,Forward
974,76674,6-4,185,Guard
975,76676,6-4,195,Guard
976,203119,6-6,200,Guard
977,76675,6-6,205,Forward
978,76677,6-4,205,Forward
979,203898,6-3,194,Guard
980,203516,6-7,210,Forward
981,76678,6-6,195,Forward
982,201623,7-0,240,Center
983,76679,6-3,220,Forward
984,76680,6-5,195,Forward
985,76681,6-7,200,Forward
986,1915,6-11,250,Center
987,76682,6-5,200,Center
988,76683,6-3,198,Guard
989,1629234,6-10,245,Forward
990,76687,6-2,175,Guard
991,76685,6-8,202,Forward
992,1628980,6-6,210,Guard
993,1628393,6-0,190,Guard
994,202379,6-9,200,Forward
995,2230,6-5,220,Guard-Forward
996,76686,6-1,170,Guard
997,2501,6-8,245,Center-Forward
998,101137,6-3,185,Guard
999,121,7-0,255,Center
1000,201607,6-8,235,Forward
1001,203957,6-6,190,Guard
1002,201963,6-7,210,Forward
1003,203105,6-11,265,Center
1004,76690,6-1,190,Forward
1005,76691,6-7,205,Forward
1006,76692,6-1,185,Forward
1007,202702,6-8,220,Forward-Center
1008,76693,6-4,190,Guard
1009,76695,6-4,190,Forward
1010,76694,6-7,210,Forward
1011,1108,6-9,244,Forward
1012,76696,6-5,185,Forward
1013,203543,6-11,260,Center
1014,202324,6-10,265,Forward-Center
1015,201174,6-11,235,Forward
1016,76697,6-6,190,Forward
1017,76698,6-3,190,Guard
1018,76699,6-4,185,Guard
1019,994,6-8,255,Forward
1020,76701,6-3,185,Guard
1021,76702,6-1,185,Guard
1022,76703,6-11,235,Center
1023,1627770,5-9,176,Guard
1024,1626245,6-10,265,Forward-Center
1025,203467,6-6,201,Guard-Forward
1026,101230,6-9,225,Forward
1027,76704,6-11,220,Center
1028,101109,6-1,205,Guard
1029,76705,6-0,180,Guard
1030,76706,6-3,190,Forward
1031,2724,6-7,210,Forward
1032,1628390,6-7,190,Guard-Forward
1033,76707,6-10,205,Center
1034,76708,6-4,190,Guard
1035,76709,7-1,240,Forward
1036,273,6-7,215,Forward
1037,1627812,6-0,180,Guard
1038,76711,6-4,180,Forward
1039,76712,6-8,230,Center
1040,198,6-10,235,Forward
1041,201178,7-1,280,Center
1042,76713,6-5,220,Forward
1043,202361,6-7,215,Guard-Forward
1044,76714,6-5,205,Forward
1045,76715,7-1,240,Center
1046,76716,7-0,240,Center
1047,714,6-7,225,Guard-Forward
1048,76717,6-1,185,Guard
1049,1627827,6-8,220,Forward
1050,965,6-1,210,Guard
1051,76720,6-5,190,Forward
1052,76719,6-2,175,Forward
1053,76721,6-2,190,Guard
1054,76722,6-7,215,Forward
1055,76723,6-3,189,Guard
1056,313,6-5,185,Guard
1057,2784,6-2,195,Guard
1058,76725,6-8,225,Forward
1059,76726,6-3,170,Guard
1060,201938,6-0,185,Guard
1061,76727,6-2,180,Guard
1062,76728,6-5,205,Guard
1063,76729,6-3,170,Forward
1064,76731,6-4,190,Guard
1065,1627854,6-3,190,Guard
1066,201814,6-7,220,Forward
1067,76732,6-1,190,Forward
1068,76733,6-5,190,Guard
1069,76734,6-9,215,Forward
1070,76735,6-3,180,Guard
1071,76736,6-2,175,Guard
1072,726,6-7,210,Forward
1073,76738,5-10,175,Guard
1074,76739,6-10,235,Center
1075,2218,6-4,194,Guard
1076,202622,5-11,185,Guard
1077,1504,6-8,260,Center-Forward
1078,76740,6-5,210,Forward
1079,323,6-11,250,Center
1080,1902,6-11,250,Forward-Center
1081,76742,6-1,160,Guard
1082,2238,6-10,219,Forward
1083,203095,6-7,205,Guard-Forward
1084,76744,6-9,215,Center
1085,76745,6-7,230,Center
1086,1628368,6-3,175,Guard
1087,76746,6-2,175,Guard
1088,76747,6-10,230,Center
1089,296,6-7,235,Forward
1090,200751,6-4,218,Guard
1091,1502,6-10,270,Center
1092,1883,6-3,210,Guard
1093,76748,6-10,225,Forward
1094,76749,6-0,195,Forward
1095,203479,6-5,191,Guard
1096,1626187,6-4,200,Guard
1097,204025,6-1,170,Guard
1098,76750,6-4,200,Guard
1099,76751,6-7,210,Forward
1100,1628982,6-6,200,Guard-Forward
1101,76752,6-7,205,Forward
1102,202690,6-2,195,Forward
1103,76753,6-3,185,Guard
1104,200777,6-10,225,Center-Forward
1105,76754,6-3,185,Guard
1106,76755,6-9,210,Forward
1107,76756,6-7,225,Forward
1108,76757,6-2,195,Forward
1109,76758,6-4,185,Guard
1110,76759,6-4,195,Guard
1111,76760,6-8,210,Center
1112,101112,7-0,255,Forward-Center
1113,76761,6-3,185,Guard
1114,76762,6-2,175,Forward
1115,76763,6-0,170,Guard
1116,76764,6-5,190,Forward
1117,76765,6-4,180,Guard
1118,1628365,6-4,200,Guard
1119,1444,6-9,230,Forward
1120,76767,6-5,190,Guard
1121,76768,5-11,170,Guard
1122,1629117,6-9,205,Forward
1123,2429,6-11,240,Center
1124,202070,6-8,205,Forward
1125,76770,6-3,195,Guard
1126,202178,6-1,200,Guard
1127,76771,6-4,185,Guard
1128,76772,6-10,255,Center
1129,76773,6-6,210,Forward
1130,201568,6-10,225,Forward
1131,204038,6-2,200,Guard
1132,76774,6-6,215,Forward
1133,76776,6-4,205,Forward
1134,76778,6-3,195,Forward
1135,201242,6-5,225,Guard
1136,76779,6-5,200,Center
1137,76780,6-0,190,Guard
1138,1627868,6-6,203,Guard-Forward
1139,76781,6-4,180,Guard
1140,76782,6-2,170,Guard
1141,76783,6-3,200,Guard
1142,1612,5-10,156,Guard
1143,76785,6-9,225,Forward
1144,708,6-11,240,Forward
1145,1628656,6-6,215,Guard-Forward
1146,76786,6-7,190,Forward
1147,1051,6-11,250,Center
1148,203197,6-4,190,Guard
1149,76788,6-3,185,Guard
1150,76789,6-6,210,Forward
1151,76790,6-2,185,Guard
1152,76791,6-8,205,Forward
1153,1619,6-2,183,Guard
1154,1727,6-9,238,Forward
1155,76793,6-7,200,Forward
1156,201188,7-1,255,Center
1157,2200,7-0,250,Center-Forward
1158,76794,6-0,160,Guard
1159,930,6-8,225,Forward
1160,200752,6-8,230,Forward
1161,76797,6-4,210,Guard
1162,1627771,6-7,200,Guard-Forward
1163,1002,6-2,187,Guard
1164,101153,6-7,215,Forward
1165,1904,6-8,235,Forward
1166,76800,6-3,190,Guard
1167,202331,6-9,220,Forward
1168,76801,6-5,190,Guard
1169,1627875,6-5,226,Guard
1170,76802,6-8,200,Forward
1171,76803,6-8,200,Forward
1172,76804,6-7,180,Guard
1173,76805,6-4,205,Center
1174,76806,6-10,220,Center
1175,76807,6-5,210,Forward
1176,200789,6-2,200,Guard
1177,76808,5-11,175,Guard
1178,1626780,6-2,185,Guard
1179,76809,6-3,180,Guard
1180,76810,6-10,205,Forward
1181,201959,6-9,232,Forward
1182,76811,6-5,198,Center
1183,201592,6-5,215,Guard
1184,1628385,6-10,240,Forward-Center
1185,1628983,6-6,181,Guard
1186,76812,7-0,235,Center
1187,288,6-9,260,Forward
1188,76815,6-3,190,Guard
1189,600014,7-2,240,Center
1190,76817,6-6,225,Forward
1191,76818,6-4,225,Forward
1192,1938,6-6,205,Guard
1193,1921,6-6,220,Guard
1194,76819,6-5,205,Forward
1195,202148,6-11,220,Center
1196,76820,6-6,225,Center
1197,76822,6-2,175,Guard
1198,76823,6-6,190,Forward
1199,76824,6-8,235,Forward
1200,76825,6-8,210,Forward
1201,76826,6-11,250,Center
1202,203497,7-1,245,Center
1203,76827,6-10,250,Forward
1204,76828,6-6,205,Guard
1205,76829,6-1,185,Forward
1206,76830,6-6,218,Forward
1207,76831,6-5,205,Guard
1208,2400,6-10,250,Forward
1209,76832,6-1,170,Guard
1210,1864,6-10,220,Center
1211,203462,6-5,205,Guard
1212,1629164,6-2,180,Guard
1213,76833,6-2,203,Forward
1214,203932,6-9,220,Forward
1215,2732,6-3,205,Guard
1216,201569,6-4,215,Guard
1217,76834,6-3,185,Guard
1218,76835,6-3,185,Forward
1219,76836,5-11,180,Guard
1220,202726,6-3,200,Guard
1221,76837,5-11,185,Guard
1222,76838,6-8,195,Forward
1223,76839,6-1,180,Guard
1224,1628984,6-2,185,Guard
1225,101121,6-7,230,Forward
1226,76843,6-1,185,Guard
1227,76841,6-8,220,Forward
1228,76842,6-6,200,Guard
1229,101211,6-6,215,Guard-Forward
1230,1626203,6-5,225,Guard-Forward
1231,76844,7-0,235,Center
1232,97,6-6,220,Forward
1233,101122,6-9,222,Forward-Guard
1234,76847,6-3,190,Guard
1235,258,6-9,254,Forward-Center
1236,76850,6-3,195,Forward
1237,285,5-7,140,Guard
1238,265,6-9,225,Forward
1239,270,6-10,245,Center
1240,203924,6-9,220,Forward
1241,1626170,6-4,205,Guard
1242,76852,6-9,223,Forward
1243,76853,6-7,215,Forward
1244,1629055,6-8,215,Forward
1245,76854,6-2,185,Guard
1246,76855,6-3,200,Forward
1247,201189,7-0,270,Center
1248,1516,6-3,210,Guard
1249,76859,6-1,185,Guard
1250,76860,6-8,240,Forward
1251,76861,7-0,235,Center
1252,76862,6-6,230,Forward
1253,76863,6-1,175,Guard
1254,81,6-5,210,Guard
1255,76865,6-7,206,Forward
1256,920,6-9,225,Forward
1257,201980,6-6,215,Guard-Forward
1258,203110,6-7,230,Forward
1259,101123,6-7,205,Guard-Forward
1260,203210,6-9,227,Forward
1261,201145,6-9,235,Forward
1262,76867,6-5,200,Forward
1263,76868,6-8,215,Forward
1264,76869,6-6,210,Guard
1265,600011,6-7,210,Forward
1266,76872,6-7,190,Forward
1267,76873,6-10,200,Center
1268,76874,6-0,170,Guard
1269,76875,6-5,210,Guard
1270,76877,6-2,185,Guard
1271,76876,6-9,220,Forward
1272,76878,6-7,220,Forward
1273,201192,6-0,177,Guard
1274,76879,6-2,185,Guard
1275,2584,6-3,205,Guard
1276,201590,6-11,226,Forward
1277,76880,6-5,195,Forward
1278,76881,6-9,222,Forward
1279,76882,6-2,175,Guard
1280,2696,6-2,175,Guard
1281,76883,6-7,225,Forward
1282,76884,6-8,205,Forward
1283,76885,6-7,215,Forward
1284,76886,6-5,180,Forward
1285,76887,6-5,210,Guard
1286,1559,6-5,230,Guard-Forward
1287,201933,6-10,250,Forward
1288,76888,6-7,190,Forward
1289,76889,6-9,205,Forward
1290,201981,6-7,238,Forward
1291,76890,6-4,190,Guard
1292,76891,6-5,190,Guard
1293,76893,6-1,185,Guard
1294,76894,5-11,180,Guard
1295,76895,6-6,200,Forward
1296,76896,6-4,215,Guard
1297,76897,6-7,218,Center
1298,101219,6-3,185,Guard
1299,76899,6-6,210,Guard
1300,76900,6-5,220,Forward
1301,76901,7-2,260,Center
1302,76902,6-4,195,Guard
1303,339,6-10,250,Forward
1304,76903,6-10,225,Center
1305,76904,6-10,255,Center
1306,76905,6-4,190,Forward
1307,76906,6-7,190,Forward
1308,76907,6-5,200,Forward
1309,76908,6-6,175,Guard
1310,76909,6-3,195,Guard
1311,203268,6-3,189,Guard
1312,2062,6-2,185,Guard
1313,2775,7-3,305,Center
1314,76910,6-9,210,Forward
1315,201632,7-2,265,Center
1316,76911,6-3,180,Guard
1317,76912,6-4,210,Forward
1318,76913,6-0,170,Guard
1319,76914,6-10,240,Center
1320,76915,6-1,170,Guard
1321,76916,6-7,225,Forward
1322,76917,6-7,180,Forward
1323,201612,6-6,220,Guard
1324,203798,6-6,230,Forward-Guard
1325,76918,6-9,225,Center
1326,76919,7-3,235,Center
1327,76920,6-1,170,Guard
1328,76922,6-5,199,Guard
1329,200837,6-8,230,Forward
1330,76923,6-5,193,Guard
1331,1032,6-7,240,Forward-Guard
1332,984,7-0,245,Center
1333,76925,6-0,180,Guard
1334,76926,6-8,210,Forward
1335,202706,6-7,220,Guard-Forward
1336,203120,7-0,255,Center
1337,76927,6-1,188,Guard
1338,1888,6-7,193,Guard
1339,76928,6-2,180,Guard
1340,76929,6-6,190,Forward
1341,2347,6-8,205,Forward
1342,676,7-2,330,Center
1343,903,7-0,262,Forward-Center
1344,1627773,7-0,260,Center
1345,241,6-7,205,Forward
1346,1052,6-10,240,Center
1347,76935,6-1,175,Guard
1348,76936,6-8,195,Forward
1349,76937,6-7,210,Forward
1350,76938,6-7,200,Forward
1351,76939,6-2,210,Guard
1352,203162,6-3,203,Guard
1353,76942,6-6,190,Guard
1354,76940,6-4,205,Guard
1355,76941,6-10,225,Center
1356,2580,6-6,205,Guard-Forward
1357,1682,6-8,195,Forward
1358,76944,6-7,185,Forward
1359,202376,6-7,245,Forward
1360,203501,6-6,205,Guard-Forward
1361,201935,6-5,220,Guard
1362,76945,7-0,249,Center
1363,76946,6-8,225,Forward
1364,76947,6-6,195,Guard
1365,76948,6-8,220,Forward
1366,76949,6-2,180,Guard
1367,203090,6-9,220,Forward
1368,76950,6-2,175,Guard
1369,76951,6-1,185,Guard
1370,76952,6-4,190,Guard
1371,157,6-4,206,Guard
1372,76954,6-10,195,Center
1373,166,6-6,215,Guard
1374,1723,6-7,230,Forward
1375,1626149,6-8,240,Forward-Center
1376,202725,6-10,275,Forward-Center
1377,2492,6-5,200,Guard
1378,1733,6-9,245,Forward
1379,2454,6-4,190,Guard
1380,970,6-9,235,Forward-Center
1381,76956,6-4,185,Guard
1382,76957,6-10,200,Forward
1383,76959,6-7,195,Forward
1384,76958,6-3,190,Guard
1385,2734,6-3,185,Guard
1386,203914,6-4,210,Guard
1387,203925,6-6,218,Forward-Guard
1388,202412,6-5,185,Guard
1389,76960,6-5,195,Guard
1390,202227,6-4,190,Guard
1391,202699,6-9,235,Forward
1392,76961,6-3,190,Guard
1393,1626151,6-6,210,Guard
1394,76962,6-1,190,Guard
1395,2758,7-0,280,Center
1396,1627885,6-4,190,Guard
1397,1628404,6-5,215,Guard
1398,1628392,7-0,249,Forward-Center
1399,176,6-11,250,Forward-Center
1400,202238,6-3,190,Guard
1401,321,6-11,250,Forward
1402,76965,6-3,195,Guard
1403,2617,6-8,235,Forward
1404,2239,6-5,227,Forward-Guard
1405,76967,5-10,180,Guard
1406,76966,6-5,180,Guard
1407,76968,6-10,235,Forward
1408,2213,6-9,242,Forward
1409,76969,6-3,195,Guard
1410,76970,6-5,203,Forward
1411,201150,7-1,245,Forward-Center
1412,76971,6-9,220,Center
1413,76972,6-8,210,Forward
1414,765,6-3,200,Guard
1415,1038,6-7,205,Forward
1416,76974,6-3,205,Forward
1417,76975,6-4,190,Guard
1418,76977,6-5,210,Forward
1419,76978,6-4,190,Guard
1420,76979,6-9,235,Forward
1421,2553,6-8,228,Forward
1422,1628502,6-7,254,Forward
1423,76980,7-0,205,Center
1424,202330,6-8,225,Forward
1425,2217,7-0,263,Center
1426,76981,6-8,225,Forward
1427,76982,6-2,172,Guard
1428,76983,6-2,185,Guard
1429,76984,6-2,180,Guard
1430,76985,6-6,219,Forward
1431,203687,6-5,210,Guard
1432,76986,6-5,170,Guard
1433,76987,6-8,225,Forward
1434,76988,6-7,218,Forward
1435,76989,6-6,220,Forward
1436,673,6-9,240,Forward-Center
1437,1538,6-7,225,Forward
1438,76990,6-8,210,Forward
1439,76991,6-5,195,Guard
1440,76993,6-2,175,Guard
1441,201945,6-5,215,Guard
1442,1764,6-8,233,Forward
1443,76992,6-11,230,Forward
1444,76994,6-4,195,Guard
1445,76996,6-3,190,Guard
1446,76998,6-3,185,Guard
1447,76999,6-7,225,Forward
1448,77000,6-9,190,Center
1449,77004,6-9,215,Center
1450,77001,6-6,205,Guard
1451,77002,6-7,195,Guard
1452,1627988,6-6,210,Forward
1453,77003,6-7,190,Guard
1454,203089,6-11,219,Forward-Center
1455,77006,6-3,170,Guard
1456,77007,6-9,225,Center
1457,1627823,6-9,230,Forward
1458,1626195,6-11,240,Center
1459,1914,6-2,190,Guard
1460,200835,6-9,225,Forward
1461,77010,6-6,195,Guard
1462,77011,5-10,175,Guard
1463,77012,6-8,220,Forward
1464,77013,6-7,210,Forward
1465,77014,6-6,195,Forward
1466,77015,6-5,205,Guard
1467,1626209,6-8,225,Forward
1468,201579,7-2,270,Center
1469,77016,5-11,180,Guard
1470,1628439,6-9,230,Forward
1471,77017,6-7,205,Forward
1472,201581,6-9,242,Center-Forward
1473,1627741,6-4,214,Guard
1474,1848,6-9,220,Forward
1475,77019,6-7,200,Forward
1476,77021,6-0,180,Guard
1477,77022,6-3,185,Guard
1478,1629312,6-7,220,Forward
1479,77023,6-8,192,Forward
1480,77024,6-4,190,Guard
1481,77025,6-1,185,Guard
1482,77026,6-4,185,Guard
1483,201588,6-3,188,Guard
1484,255,6-8,225,Forward
1485,201195,6-10,240,Forward-Center
1486,201941,6-10,240,Forward-Center
1487,203524,6-7,225,Forward
1488,77027,6-7,220,Center
1489,1626199,6-6,220,Guard
1490,77028,6-9,215,Forward
1491,77029,6-3,185,Guard
1492,2550,6-4,190,Guard
1493,77030,6-9,210,Center
1494,77031,5-6,165,Guard
1495,77032,6-8,200,Forward
1496,77034,6-2,190,Guard
1497,77035,5-9,158,Guard
1498,77036,6-2,195,Guard
1499,77037,6-7,230,Forward
1500,77038,6-9,240,Center
1501,697,6-5,210,Guard
1502,77039,6-4,200,Forward
1503,1628988,6-1,185,Guard
1504,201950,6-4,205,Guard
1505,203200,6-6,181,Forward-Guard
1506,77040,6-3,180,Guard
1507,77041,6-4,185,Forward
1508,77042,6-0,175,Guard
1509,77043,6-3,185,Guard
1510,77044,6-6,195,Forward
1511,1626178,6-7,217,Forward
1512,1626158,6-10,235,Forward
1513,77045,6-3,180,Forward
1514,77046,6-7,210,Forward
1515,77047,6-4,185,Guard
1516,77048,6-6,205,Center
1517,77049,6-6,215,Forward
1518,77050,5-10,175,Guard
1519,1532,6-9,254,Forward-Guard
1520,1967,6-8,222,Forward
1521,203918,6-8,206,Guard
1522,77051,6-9,230,Center
1523,77052,6-8,205,Center
1524,77053,6-11,235,Center
1525,77054,6-5,200,Forward
1526,77055,6-8,190,Forward
1527,77056,6-8,220,Center
1528,201143,6-10,245,Center-Forward
1529,77057,7-1,245,Center
1530,77058,6-7,220,Forward
1531,204,6-4,190,Guard
1532,109,6-10,240,Forward-Center
1533,77060,6-8,230,Center
1534,77061,6-7,225,Forward
1535,77062,6-8,210,Center
1536,2067,6-1,190,Guard
1537,1627863,6-7,220,Forward-Guard
1538,780,6-5,250,Forward
1539,77064,6-8,205,Forward
1540,77065,6-6,204,Forward
1541,2730,6-11,265,Center
1542,77066,6-9,215,Forward
1543,436,6-9,250,Forward
1544,77067,6-2,170,Guard
1545,77069,6-7,220,Forward
1546,77070,6-7,210,Forward
1547,77072,6-6,215,Center
1548,77071,6-8,215,Forward
1549,201991,6-3,190,Guard
1550,77074,6-5,210,Forward
1551,1628989,6-7,190,Guard
1552,203962,6-7,230,Guard
1553,1572,7-1,245,Center
1554,77076,6-5,215,Forward
1555,77077,5-10,165,Guard
1556,77078,6-11,220,Center
1557,203133,6-9,219,Forward
1558,77080,6-9,230,Forward
1559,1629353,7-0,260,Forward-Center
1560,77081,6-3,185,Guard
1561,2743,6-9,235,Forward
1562,77082,6-4,185,Guard
1563,2599,6-7,266,Forward
1564,77083,6-0,180,Forward
1565,201805,6-11,240,Center-Forward
1566,77084,6-7,210,Forward
1567,1626154,6-5,185,Guard
1568,2212,7-0,240,Center
1569,310,6-0,165,Guard
1570,77086,6-2,170,Forward
1571,77087,6-2,175,Guard
1572,77088,6-3,175,Forward
1573,77089,6-6,200,Forward
1574,1628990,6-7,197,Forward
1575,77090,6-1,170,Guard
1576,77091,6-6,215,Forward
1577,77092,6-10,210,Forward
1578,201586,6-10,235,Center-Forward
1579,2738,6-6,215,Forward-Guard
1580,980,7-3,260,Center
1581,101148,7-1,255,Center
1582,101141,6-10,235,Forward
1583,77093,6-10,220,Center
1584,77094,6-3,180,Guard
1585,204060,6-8,226,Forward
1586,203996,6-8,246,Forward
1587,1627742,6-9,190,Forward
1588,77095,6-0,210,Forward
1589,77096,6-5,190,Guard
1590,202681,6-3,193,Guard
1591,1628371,6-10,210,Forward
1592,77097,6-9,235,Center
1593,77098,5-10,175,Guard
1594,947,6-0,165,Guard
1595,1628411,6-7,195,Forward
1596,101127,6-3,200,Guard
1597,1628935,6-3,183,Guard
1598,77099,6-1,185,Guard
1599,1517,6-1,185,Guard
1600,202132,6-3,190,Guard
1601,201616,6-9,253,Forward
1602,1628402,6-3,205,Guard
1603,77101,6-0,180,Guard
1604,1114,6-6,225,Guard
1605,1983,6-5,204,Guard
1606,754,6-6,220,Forward-Guard
1607,1628367,6-8,200,Forward
1608,1628382,6-8,210,Forward
1609,77103,6-9,240,Forward
1610,1531,6-10,253,Forward
1611,349,6-3,195,Guard
1612,77104,6-2,183,Guard
1613,77105,6-3,185,Guard
1614,77106,6-8,220,Forward
1615,77107,6-2,190,Guard
1616,202704,6-3,208,Guard
1617,77109,6-3,185,Guard
1618,77100,6-0,170,Guard
1619,77110,6-6,205,Guard
1620,77111,6-7,200,Forward
1621,1628991,6-11,242,Forward-Center
1622,77112,6-3,175,Forward
1623,2418,6-6,215,Guard
1624,77114,6-5,190,Guard
1625,77115,6-8,210,Forward
1626,203108,6-10,235,Center
1627,202345,6-7,225,Forward
1628,77116,6-4,180,Forward
1629,1744,7-1,285,Center
1630,2544,6-8,250,Forward
1631,2229,6-2,188,Guard
1632,1906,6-7,214,Forward
1633,1942,6-9,269,Forward
1634,77120,6-3,200,Forward
1635,77122,6-3,185,Forward
1636,2060,6-7,224,Guard
1637,77123,6-3,185,Forward
1638,201605,6-10,280,Forward
1639,77125,5-11,175,Guard
1640,77126,6-8,210,Forward
1641,2423,6-8,230,Forward
1642,201785,6-5,210,Guard-Forward
1643,2744,6-10,280,Center
1644,1628518,6-9,222,Forward
1645,200971,6-5,195,Guard
1646,2210,6-7,233,Forward
1647,2407,6-11,240,Forward
1648,202724,6-3,215,Guard
1649,2798,6-1,180,Guard
1650,203098,6-4,215,Guard
1651,201943,6-1,170,Guard
1652,24,5-7,160,Guard
1653,77129,7-0,237,Guard
1654,201973,6-10,231,Forward
1655,201998,6-1,195,Guard
1656,203511,6-10,232,Forward
1657,200817,5-11,175,Guard
1658,200792,6-9,240,Forward
1659,1628993,6-9,212,Forward
1660,101161,6-9,240,Center-Forward
1661,77131,6-5,215,Forward
1662,1533,6-3,195,Guard
1663,202356,6-3,195,Guard
1664,77132,6-5,236,Forward
1665,422,5-11,185,Guard
1666,1629168,6-7,200,Forward
1667,77130,6-7,190,Forward
1668,77133,6-0,170,Guard
1669,202419,6-11,210,Forward
1670,203187,6-6,206,Forward
1671,77135,6-4,175,Guard
1672,77136,6-10,240,Center
1673,1626177,7-0,255,Center
1674,683,6-1,170,Guard
1675,77138,6-7,210,Guard
1676,77139,5-11,170,Guard
1677,77141,6-4,185,Guard
1678,2035,6-9,210,Forward-Guard
1679,77144,6-2,180,Guard
1680,77145,6-2,205,Guard
1681,911,6-11,245,Center
1682,77146,6-3,185,Guard
1683,77147,6-11,245,Center
1684,77148,6-7,210,Forward
1685,77149,6-11,205,Center
1686,77150,6-6,230,Forward
1687,77151,6-6,240,Center
1688,201274,6-8,255,Forward
1689,202707,6-10,221,Forward
1690,201949,6-8,240,Forward
1691,2207,6-7,240,Guard-Forward
1692,77152,6-7,200,Forward
1693,77153,6-9,220,Forward
1694,2256,6-10,240,Center-Forward
1695,77154,6-8,240,Forward
1696,134,6-1,190,Guard
1697,913,6-7,235,Forward
1698,77156,6-3,205,Guard
1699,77158,6-11,205,Forward
1700,2669,6-8,205,Forward
1701,77159,6-5,195,Forward
1702,77142,6-9,220,Forward-Guard
1703,77160,6-7,218,Forward
1704,77168,6-10,190,Forward
1705,77161,6-7,220,Forward
1706,203910,6-3,202,Guard
1707,77162,6-6,200,Forward
1708,77163,6-9,205,Forward
1709,77164,6-7,210,Center
1710,77165,6-8,215,Forward
1711,1626169,6-7,245,Forward
1712,77166,6-8,240,Forward
1713,77134,6-10,235,Center
1714,204020,6-4,190,Guard
1715,77167,6-2,200,Guard
1716,202325,6-7,215,Forward-Guard
1717,77170,6-8,210,Center
1718,77169,6-8,210,Center
1719,77171,6-11,245,Center
1720,203999,7-0,250,Center
1721,77172,6-7,218,Forward
1722,2264,6-11,265,Center
1723,77173,6-6,195,Guard
1724,77174,6-5,200,Forward
1725,77180,6-7,175,Forward
1726,77193,6-9,210,Forward
1727,200784,6-7,215,Forward
1728,77175,6-11,217,Center
1729,279,6-9,215,Forward-Center
1730,77178,6-8,215,Forward
1731,1869,6-3,180,Guard
1732,2563,6-6,225,Guard-Forward
1733,1627745,7-0,245,Center
1734,1800,6-3,195,Guard
1735,203199,6-8,221,Forward
1736,963,6-8,220,Forward
1737,101204,6-11,248,Forward-Center
1738,77182,6-10,210,Forward
1739,77183,7-0,210,Center
1740,224,6-6,200,Guard-Forward
1741,77184,6-10,225,Forward
1742,2410,6-2,225,Guard
1743,77185,6-3,180,Guard
1744,2592,6-8,218,Guard-Forward
1745,1629203,6-5,174,Forward
1746,77186,6-4,188,Guard
1747,77187,6-7,205,Forward
1748,1908,6-8,230,Forward
1749,77188,6-1,200,Guard
1750,203158,6-8,260,Forward
1751,77200,6-2,180,Guard
1752,77189,6-9,225,Forward
1753,2891,6-6,215,Guard
1754,77195,6-2,190,Guard
1755,77191,6-11,235,Center
1756,461,6-8,265,Forward
1757,77192,6-8,220,Forward
1758,77194,6-9,225,Center
1759,77196,6-4,198,Guard
1760,2652,6-8,210,Forward
1761,77197,6-5,205,Guard
1762,1626145,6-2,196,Guard
1763,77198,6-2,180,Guard
1764,77199,6-4,225,Forward
1765,77201,6-8,205,Forward
1766,77202,6-3,185,Guard
1767,77203,6-8,190,Forward
1768,203103,6-11,235,Forward
1769,1627884,6-7,200,Forward-Guard
1770,201599,6-11,265,Center
1771,77205,6-1,170,Guard
1772,202366,7-0,253,Center
1773,893,6-6,216,Guard
1774,77208,6-10,220,Forward
1775,77209,6-7,198,Forward
1776,77210,6-10,205,Center
1777,77211,6-2,185,Guard
1778,77212,6-9,228,Center
1779,77213,6-5,200,Center
1780,202709,6-3,193,Guard
1781,203126,6-7,210,Forward
1782,77214,6-11,245,Forward
1783,77215,6-6,185,Guard
1784,77217,6-2,175,Guard
1785,77218,6-3,190,Forward
1786,77219,6-6,245,Center
1787,2549,7-0,265,Center
1788,1626163,7-0,242,Forward-Center
1789,202683,6-11,250,Center
1790,77221,6-2,170,Guard
1791,77222,5-10,165,Guard
1792,203508,6-7,208,Guard-Forward
1793,201207,6-5,215,Guard
1794,77223,6-2,185,Guard
1795,77225,5-11,185,Guard
1796,2435,7-1,260,Center
1797,77226,6-0,185,Guard
1798,77227,6-8,240,Forward
1799,201619,6-11,260,Center
1800,77228,5-11,180,Guard
1801,77229,6-6,218,Forward
1802,77230,6-2,178,Guard
1803,77231,5-11,185,Guard
1804,228,6-9,230,Forward
1805,77233,6-4,185,Guard
1806,77235,7-0,235,Center
1807,77236,6-7,225,Forward
1808,77237,6-2,172,Forward
1809,203527,6-11,230,Forward
1810,77238,6-0,170,Guard
1811,77239,6-7,190,Forward
1812,77240,6-3,195,Guard
1813,431,6-10,280,Forward
1814,77242,6-6,198,Forward
1815,1628379,6-5,206,Guard
1816,202810,6-5,214,Guard-Forward
1817,77243,6-5,205,Forward
1818,77244,6-6,210,Forward
1819,77245,5-11,180,Guard
1820,77246,6-9,205,Forward
1821,77247,6-2,187,Guard
1822,1801,6-11,245,Center
1823,77248,6-9,230,Center
1824,70,6-1,180,Guard
1825,77249,6-6,215,Forward
1826,77251,6-11,230,Forward
1827,705,6-7,210,Forward
1828,467,6-4,210,Guard
1829,77254,6-9,235,Forward
1830,203077,6-7,232,Forward
1831,77255,6-9,225,Forward
1832,77256,6-1,170,Guard
1833,77257,6-3,180,Guard
1834,77258,6-10,230,Center
1835,203930,6-4,212,Guard
1836,77259,6-6,220,Forward
1837,77260,6-4,190,Guard
1838,77261,5-11,153,Forward
1839,77262,6-4,190,Guard
1840,77263,6-6,190,Forward
1841,77264,6-7,205,Forward
1842,77266,6-6,220,Forward
1843,701,6-1,185,Guard
1844,77268,6-0,175,Guard
1845,1628994,6-6,220,Forward
1846,77270,6-2,175,Guard
1847,728,6-5,210,Guard
1848,77272,6-2,195,Guard
1849,77273,6-6,225,Forward
1850,1101,7-2,260,Center
1851,351,6-11,250,Forward-Center
1852,77276,6-0,165,Guard
1853,77277,6-6,215,Center
1854,200814,6-6,189,Guard
1855,77278,6-3,173,Guard
1856,77279,6-9,210,Forward
1857,77280,6-9,235,Forward
1858,1123,6-11,250,Center
1859,1628467,6-11,240,Forward
1860,101132,6-8,234,Forward
1861,77283,6-2,170,Guard
1862,77284,5-7,150,Guard
1863,77285,6-3,175,Guard
1864,77290,6-6,195,Forward
1865,77287,6-2,185,Guard-Forward
1866,202688,6-3,195,Guard
1867,1510,5-10,166,Guard
1868,77288,6-7,215,Forward
1869,77289,6-9,210,Forward
1870,969,7-0,235,Center
1871,77291,6-7,215,Center
1872,77292,6-6,215,Center
1873,77293,6-9,215,Center
1874,1628995,6-9,215,Forward
1875,77294,6-4,210,Forward
1876,77295,6-3,202,Forward
1877,77296,6-7,212,Center
1878,77297,6-1,185,Guard
1879,402,7-0,250,Center
1880,77299,6-6,210,Guard
1881,77300,6-9,240,Forward
1882,1627788,6-7,190,Guard-Forward
1883,77301,6-9,225,Forward
1884,1628436,7-1,250,Forward-Center
1885,101117,6-9,203,Forward
1886,2594,6-7,212,Guard-Forward
1887,77302,6-11,245,Center
1888,77303,6-3,203,Forward
1889,77304,6-8,220,Center
1890,201585,7-0,245,Center
1891,77305,6-8,220,Forward
1892,77306,6-9,220,Center
1893,77307,6-4,200,Forward
1894,77308,6-7,203,Forward
1895,77309,6-0,195,Guard
1896,77310,6-1,190,Guard
1897,77311,6-8,230,Center
1898,77312,6-4,175,Guard
1899,77313,6-5,200,Guard
1900,77314,6-3,205,Guard
1901,2420,7-0,240,Center
1902,77316,6-8,215,Forward
1903,77317,5-11,160,Guard
1904,77318,6-10,230,Forward
1905,77319,6-2,193,Guard
1906,77320,6-2,180,Guard
1907,77322,6-3,200,Forward
1908,389,6-11,235,Forward
1909,77323,7-0,230,Center
1910,77324,6-9,230,Forward
1911,77325,6-6,220,Center
1912,1629066,6-9,210,Forward
1913,201633,6-9,232,Forward
1914,1628398,6-9,220,Forward
1915,203136,7-0,260,Center
1916,77327,6-5,210,Guard
1917,1711,6-11,240,Center-Forward
1918,77328,6-10,220,Center
1919,77340,6-8,220,Forward
1920,203897,6-5,200,Guard
1921,1627746,6-11,235,Forward
1922,77326,6-10,235,Center
1923,363,6-11,245,Forward-Center
1924,201802,6-2,190,Guard
1925,100263,6-11,245,Center
1926,77329,6-2,190,Forward
1927,77330,6-1,180,Guard
1928,203117,6-4,200,Guard
1929,203087,6-5,185,Guard
1930,77331,6-10,225,Center
1931,77332,6-6,195,Guard
1932,2573,6-11,275,Forward
1933,77333,6-10,230,Forward
1934,201171,6-9,248,Forward
1935,77334,6-8,215,Forward
1936,77335,6-6,230,Forward
1937,457,6-11,275,Center
1938,600005,6-11,250,Center
1939,77338,6-3,175,Guard
1940,77339,6-4,183,Guard
1941,203499,5-11,175,Guard
1942,77341,6-6,185,Guard
1943,201186,6-8,215,Forward
1944,77342,6-6,225,Forward
1945,968,7-4,325,Center
1946,77344,6-6,190,Guard
1947,77345,6-2,185,Forward
1948,203530,6-11,260,Center
1949,77346,6-3,185,Forward
1950,77347,6-7,185,Forward
1951,201151,6-3,202,Guard
1952,202371,6-9,234,Forward
1953,77348,6-11,228,Center
1954,1535,6-11,240,Center
1955,201951,5-11,195,Guard
1956,1627774,6-9,215,Forward
1957,77350,6-1,180,Guard
1958,1627747,6-7,204,Guard
1959,1628388,6-10,225,Forward
1960,77351,6-8,225,Center
1961,77352,5-11,163,Guard
1962,77353,6-1,170,Guard
1963,77354,6-2,180,Forward
1964,287,6-11,265,Center
1965,203495,6-7,195,Guard
1966,77356,6-0,185,Guard
1967,77357,6-10,205,Forward
1968,201584,6-5,215,Guard
1969,1627814,6-6,210,Guard
1970,101135,6-9,245,Forward-Center
1971,77358,6-5,200,Guard
1972,77359,6-4,200,Forward
1973,77360,6-3,190,Guard
1974,77361,6-10,215,Forward
1975,77362,6-3,190,Guard
1976,77363,6-10,220,Center
1977,77364,6-3,193,Guard
1978,77365,6-5,185,Forward
1979,77366,6-3,185,Guard
1980,77367,6-2,190,Forward
1981,77369,6-0,180,Guard
1982,1627215,6-3,180,Guard
1983,203458,7-1,250,Center
1984,702,6-4,215,Guard
1985,77371,6-3,185,Guard
1986,77370,7-1,250,Center
1987,202695,6-7,230,Forward
1988,203086,7-1,255,Forward-Center
1989,77372,5-11,165,Guard
1990,77373,6-2,175,Guard
1991,77374,6-3,170,Guard
1992,202720,6-10,228,Forward
1993,77375,6-2,190,Forward
1994,77376,6-3,170,Guard
1995,77377,6-8,210,Forward
1996,77385,6-3,175,Guard
1997,736,6-10,235,Forward
1998,77379,6-2,195,Forward
1999,77380,6-0,175,Guard
2000,77381,6-7,215,Forward
2001,729,6-6,225,Forward
2002,77383,6-6,200,Guard
2003,1740,6-10,235,Forward
2004,77384,6-7,195,Guard
2005,77386,6-8,205,Forward
2006,77387,6-4,205,Guard
2007,202732,6-6,209,Guard
2008,77388,6-4,180,Guard
2009,203081,6-3,195,Guard
2010,202391,6-3,200,Guard
2011,77389,6-9,225,Forward
2012,175,7-0,245,Center-Forward
2013,988,6-4,209,Guard
2014,2733,6-7,192,Guard
2015,77392,6-10,220,Center
2016,1024,6-11,285,Center
2017,77394,6-6,200,Forward
2018,77395,6-6,205,Guard
2019,77396,6-10,230,Center
2020,77397,6-5,185,Forward
2021,77398,6-9,225,Forward
2022,77399,6-9,245,Forward
2023,1100,6-8,240,Forward
2024,77401,6-6,205,Forward
2025,77402,6-5,200,Forward
2026,77403,6-2,175,Guard
2027,38,6-11,230,Forward-Center
2028,1609,6-9,250,Forward
2029,1381,6-5,200,Guard
2030,77406,6-2,180,Guard
2031,1627848,6-9,255,Forward
2032,1626172,6-9,220,Center-Forward
2033,201572,7-0,270,Center
2034,1732,6-5,195,Guard-Forward
2035,201577,7-0,275,Center
2036,943,6-4,190,Guard
2037,77409,6-5,220,Forward
2038,77410,6-5,210,Forward
2039,77411,6-3,190,Guard
2040,77412,6-8,215,Forward
2041,201567,6-10,251,Forward-Center
2042,77413,6-9,215,Forward
2043,77414,6-9,234,Center
2044,77415,6-0,195,Guard
2045,77416,6-3,185,Guard
2046,200768,6-1,196,Guard
2047,1628070,6-4,210,Guard
2048,77417,6-3,195,Forward
2049,77418,6-8,230,Forward
2050,77419,6-3,175,Guard
2051,203564,6-1,195,Guard
2052,77420,6-9,215,Forward
2053,77421,6-6,205,Forward
2054,1731,6-0,175,Guard
2055,77422,6-2,180,Guard
2056,77423,6-3,220,Forward
2057,77424,6-0,165,Guard
2058,77425,6-1,178,Guard
2059,1627789,6-6,210,Guard-Forward
2060,1628399,6-10,225,Forward
2061,1626168,6-10,234,Forward
2062,248,6-8,235,Forward
2063,77426,6-5,195,Forward
2064,77427,6-7,215,Forward
2065,1627815,6-6,200,Guard-Forward
2066,1928,7-0,280,Center
2067,77430,6-2,185,Guard
2068,77428,6-5,210,Forward
2069,77429,6-8,185,Center
2070,101178,6-4,214,Guard
2071,77432,6-3,185,Guard
2072,202714,6-3,203,Guard
2073,1635,6-9,248,Forward
2074,77435,6-7,205,Forward
2075,202731,6-10,227,Forward
2076,77436,6-1,180,Guard
2077,1629133,6-3,185,Guard
2078,1629122,6-5,205,Guard
2079,77438,6-3,175,Guard
2080,77439,6-2,185,Forward
2081,2432,6-4,190,Guard
2082,1666,6-4,200,Guard
2083,2058,6-9,255,Forward
2084,77441,6-5,185,Forward
2085,203705,6-1,160,Guard
2086,1894,6-6,225,Forward
2087,77442,6-8,202,Forward
2088,2048,6-11,265,Center
2089,101133,6-11,262,Center
2090,77443,6-8,220,Center
2091,77444,6-2,205,Forward
2092,328,6-10,260,Forward
2093,105,6-6,222,Guard-Forward
2094,1627748,7-1,221,Forward
2095,77447,5-9,150,Guard
2096,252,6-9,259,Forward
2097,77449,6-10,215,Center
2098,77450,6-10,230,Forward
2099,77451,6-2,180,Guard
2100,77452,6-4,205,Forward
2101,77453,5-10,195,Guard
2102,986,6-8,245,Forward
2103,77454,6-7,210,Forward
2104,316,6-11,245,Center
2105,77456,6-7,190,Guard
2106,77457,6-3,190,Guard
2107,77459,6-5,197,Guard
2108,77458,6-0,185,Guard
2109,203906,6-6,200,Forward
2110,77460,6-6,190,Guard
2111,950,6-2,205,Guard
2112,36,6-5,200,Guard
2113,77462,5-11,165,Guard
2114,77463,6-6,200,Forward
2115,1890,6-7,228,Guard-Forward
2116,1626246,7-3,290,Center
2117,1628374,7-0,240,Forward
2118,200806,6-10,225,Forward
2119,77464,6-3,185,Guard
2120,77465,6-3,200,Guard
2121,77466,6-7,215,Forward
2122,681,6-7,230,Forward
2123,923,6-9,245,Forward
2124,203088,6-4,200,Guard
2125,101185,6-7,190,Guard-Forward
2126,77467,6-4,215,Forward
2127,77468,6-7,200,Forward
2128,77481,6-7,205,Forward
2129,77478,7-0,250,Center
2130,77469,6-9,212,Forward
2131,201858,6-7,220,Forward
2132,77473,6-7,210,Center
2133,77471,5-8,160,Guard
2134,77472,6-9,220,Center
2135,1626185,6-10,239,Forward
2136,77474,6-5,195,Guard
2137,2755,6-7,199,Guard
2138,77475,6-11,208,Center
2139,77476,6-6,200,Guard
2140,77477,6-3,190,Guard
2141,77479,6-2,185,Guard
2142,77480,5-10,170,Guard
2143,469,6-8,247,Forward
2144,77482,5-10,174,Guard
2145,193,6-8,255,Forward
2146,1628412,5-11,190,Guard
2147,763,6-9,250,Forward-Center
2148,77483,6-9,220,Forward
2149,1628999,6-8,240,Forward
2150,1628493,6-10,230,Forward-Center
2151,77484,6-1,170,Guard
2152,202083,6-5,220,Guard-Forward
2153,77485,6-4,190,Forward
2154,77486,6-8,250,Forward
2155,101131,6-7,260,Forward
2156,77487,6-8,205,Forward
2157,137,6-4,190,Guard
2158,77489,6-4,200,Forward
2159,77490,6-6,215,Forward
2160,101118,6-9,266,Center-Forward
2161,77492,6-8,225,Forward
2162,77493,6-3,175,Guard
2163,77495,6-7,205,Forward
2164,77494,6-2,185,Guard
2165,201564,6-5,210,Guard
2166,77496,6-2,190,Guard
2167,77497,6-3,210,Forward
2168,2788,7-0,255,Center
2169,77498,6-9,210,Center
2170,77499,6-3,190,Forward
2171,77500,6-2,178,Guard
2172,77502,6-8,240,Forward
2173,101119,6-4,215,Guard
2174,77503,5-11,180,Guard
2175,77504,6-3,190,Guard
2176,77505,6-3,175,Guard
2177,77506,6-1,185,Guard
2178,1820,6-7,200,Guard-Forward
2179,962,6-10,245,Forward
2180,1043,6-11,235,Center
2181,1627775,6-7,185,Guard
2182,77509,6-6,185,Guard
2183,77510,6-1,180,Guard
2184,2082,7-0,270,Center
2185,77512,6-2,190,Guard
2186,45,6-8,230,Forward
2187,203468,6-3,190,Guard
2188,77513,6-5,195,Forward
2189,77514,5-10,170,Guard
2190,204456,6-2,190,Guard
2191,77515,6-7,210,Guard
2192,77516,6-11,240,Center
2193,77517,6-4,180,Guard
2194,1622,6-8,220,Forward
2195,77518,6-9,215,Forward
2196,1628571,6-8,225,Forward
2197,1626191,6-9,215,Forward
2198,77520,6-4,190,Guard
2199,723,6-4,180,Guard
2200,77523,6-11,228,Center
2201,203909,6-6,205,Guard-Forward
2202,203926,6-8,225,Forward
2203,77524,6-8,210,Forward
2204,77525,6-6,190,Forward
2205,77527,6-9,215,Forward
2206,686,6-9,245,Forward-Center
2207,77528,6-3,190,Guard
2208,77529,6-1,190,Guard
2209,203956,6-10,255,Forward
2210,201580,7-0,270,Center
2211,77530,6-5,190,Forward
2212,77531,6-9,225,Center
2213,77532,6-8,235,Forward
2214,77533,6-5,205,Guard
2215,1503,6-8,225,Guard-Forward
2216,77534,6-8,240,Forward
2217,203585,6-4,200,Forward-Guard
2218,77536,6-2,180,Guard
2219,77535,6-3,175,Guard
2220,77537,6-0,180,Guard
2221,1450,6-10,210,Forward
2222,77540,6-7,225,Forward
2223,77541,6-5,195,Forward
2224,77542,6-7,200,Forward
2225,77543,6-5,195,Forward
2226,365,6-10,241,Forward
2227,243,6-5,209,Guard
2228,77547,6-0,160,Guard
2229,77545,6-4,190,Forward
2230,77546,6-6,185,Forward
2231,1628035,6-8,215,Forward
2232,77548,6-7,230,Forward
2233,77549,6-5,200,Forward
2234,2693,6-2,190,Guard
2235,77551,6-1,185,Guard
2236,203,6-5,210,Guard-Forward
2237,77553,6-11,215,Forward
2238,77554,6-5,215,Forward
2239,77555,6-5,205,Forward
2240,77558,6-11,235,Center
2241,77559,6-6,210,Center
2242,202077,6-3,200,Guard
2243,77560,6-7,210,Forward
2244,77562,6-1,170,Guard
2245,77561,6-9,195,Forward
2246,77563,6-3,185,Guard
2247,2101,6-4,210,Guard
2248,77565,6-11,235,Forward
2249,203895,6-5,179,Guard
2250,77566,6-3,185,Guard
2251,77567,6-8,200,Forward
2252,77568,6-3,175,Forward
2253,2098,6-10,253,Forward
2254,1577,6-5,175,Guard
2255,201975,6-4,210,Guard
2256,77570,6-8,215,Forward
2257,77571,6-10,225,Forward
2258,77572,6-5,195,Forward
2259,77573,6-7,208,Forward
2260,77574,6-2,185,Guard
2261,1626257,7-2,235,Center
2262,77576,6-1,165,Guard
2263,77575,6-2,185,Guard
2264,203097,7-0,255,Center
2265,1629001,6-4,200,Forward
2266,77577,5-9,170,Forward
2267,77578,6-1,175,Guard
2268,77579,6-0,168,Guard
2269,77580,6-2,195,Guard
2270,77581,6-0,168,Guard
2271,77582,6-10,215,Center
2272,77583,6-2,180,Guard
2273,77584,6-6,215,Forward
2274,1629002,6-10,225,Forward
2275,684,6-10,260,Center-Forward
2276,77586,6-9,215,Forward
2277,77587,6-5,210,Forward
2278,77588,6-9,220,Forward
2279,1626175,6-8,235,Center-Forward
2280,203114,6-8,222,Forward
2281,77589,6-0,180,Guard
2282,2036,7-0,265,Center
2283,77590,6-8,230,Center
2284,600012,6-10,245,Center
2285,77591,6-7,210,Forward
2286,77593,6-7,230,Forward
2287,77594,6-7,210,Center
2288,101139,6-6,220,Forward-Guard
2289,2032,6-9,235,Forward
2290,77596,6-4,195,Guard
2291,77598,6-3,195,Forward
2292,1889,6-3,200,Guard
2293,77605,6-3,190,Forward
2294,77603,6-10,230,Forward
2295,1802,7-0,261,Center-Forward
2296,203121,6-8,225,Forward
2297,77602,6-6,215,Forward
2298,77599,6-8,225,Forward
2299,77600,6-4,230,Center
2300,77601,6-5,205,Forward
2301,1626259,6-7,210,Forward
2302,2034,6-8,218,Guard-Forward
2303,932,6-9,315,Center
2304,203113,6-9,210,Forward
2305,397,6-7,195,Guard
2306,77604,6-2,190,Forward
2307,168,6-7,220,Forward
2308,77606,6-8,203,Center
2309,201988,6-0,180,Guard
2310,202407,6-7,215,Guard-Forward
2311,200794,6-8,246,Forward
2312,1629003,6-6,207,Guard
2313,114,6-5,210,Guard
2314,77609,6-3,180,Guard
2315,77610,6-2,185,Guard
2316,77612,6-6,215,Forward
2317,202703,6-10,250,Forward
2318,77613,5-7,150,Guard
2319,1628378,6-3,215,Guard
2320,77615,6-7,215,Forward
2321,417,6-7,215,Forward
2322,77614,6-7,205,Forward
2323,1628513,6-4,218,Guard
2324,77618,6-7,215,Forward
2325,77619,6-4,190,Forward
2326,1749,6-4,215,Guard
2327,77621,6-8,210,Forward
2328,77622,6-4,190,Forward
2329,1737,6-10,250,Center
2330,77623,7-0,250,Center
2331,77624,6-6,200,Forward
2332,77625,6-8,230,Forward
2333,77626,6-4,180,Guard
2334,77627,6-0,170,Guard
2335,1628370,6-3,200,Guard
2336,600006,6-3,185,Guard
2337,202328,6-11,265,Center
2338,77628,6-3,185,Guard
2339,77630,6-4,220,Forward
2340,376,7-0,270,Center
2341,200081,6-8,205,Forward
2342,77631,6-5,215,Forward
2343,77632,6-9,215,Forward
2344,1628500,6-8,220,Forward
2345,202734,6-4,191,Guard
2346,77634,6-5,180,Forward
2347,77633,6-1,175,Guard
2348,77635,6-1,170,Guard
2349,1630,7-0,225,Forward-Center
2350,77636,6-11,205,Center
2351,77637,7-0,260,Center
2352,203961,6-10,238,Forward-Center
2353,77639,6-7,215,Forward
2354,77640,6-8,205,Guard
2355,77641,6-5,190,Guard
2356,77642,6-9,230,Center
2357,77644,6-10,235,Center
2358,356,6-8,228,Forward
2359,202721,6-4,195,Guard
2360,77647,6-8,229,Forward
2361,202694,6-9,235,Forward
2362,202693,6-10,245,Forward
2363,77646,6-2,195,Forward
2364,1628420,6-3,175,Guard
2365,201043,6-11,275,Center
2366,200747,6-8,205,Forward
2367,77648,6-8,220,Forward
2368,77649,6-4,195,Guard
2369,201627,6-5,210,Guard
2370,132,6-7,195,Guard
2371,1972,6-3,180,Forward
2372,77652,6-3,190,Forward
2373,77653,6-8,195,Forward
2374,77654,6-2,185,Guard
2375,202700,7-0,220,Forward-Center
2376,1628405,6-10,230,Forward
2377,2069,6-11,247,Center-Forward
2378,203102,6-10,240,Forward
2379,297,6-10,261,Center
2380,202389,7-1,275,Center
2381,77657,6-5,185,Forward
2382,1626144,6-5,200,Guard
2383,77658,6-8,230,Forward
2384,203498,6-6,221,Guard-Forward
2385,77659,6-0,165,Guard
2386,77660,6-1,175,Guard
2387,201957,7-0,275,Center
2388,77662,6-4,190,Guard
2389,942,7-0,255,Center
2390,204098,6-4,173,Guard
2391,77664,6-9,225,Forward
2392,77665,5-11,170,Guard
2393,49,7-7,303,Center
2394,77668,6-4,190,Guard
2395,77669,5-9,165,Guard
2396,77672,6-1,175,Guard
2397,203513,6-10,230,Forward
2398,77670,6-9,220,Forward
2399,77671,6-2,175,Forward
2400,203122,6-6,185,Guard
2401,77673,6-5,225,Forward
2402,77674,6-9,220,Center
2403,1627749,6-5,170,Guard
2404,2436,6-3,200,Guard
2405,1627750,6-4,207,Guard
2406,77675,6-2,190,Guard
2407,441,6-7,235,Forward
2408,77676,6-8,215,Forward
2409,1629058,6-9,208,Guard-Forward
2410,203488,6-11,240,Forward-Center
2411,77677,5-9,145,Guard
2412,1054,6-10,238,Forward
2413,87,7-2,260,Center
2414,982,6-9,235,Forward
2415,1629004,6-8,205,Guard
2416,1626122,6-8,245,Forward
2417,2055,7-0,255,Center
2418,77681,6-3,185,Forward
2419,77682,6-6,210,Forward
2420,2411,6-9,221,Forward
2421,1627846,6-6,225,Forward
2422,77683,6-0,190,Guard
2423,77684,6-1,185,Guard
2424,2059,6-8,235,Forward
2425,77685,6-10,205,Forward
2426,1626204,6-9,230,Forward
2427,203894,6-1,180,Guard
2428,77686,6-2,185,Guard
2429,77688,6-8,195,Forward
2430,77687,6-5,215,Forward
2431,959,6-3,178,Guard
2432,77689,6-11,240,Center
2433,77690,5-11,175,Guard
2434,77691,6-6,220,Forward
2435,77692,6-3,185,Guard
2436,77693,6-6,225,Forward
2437,1626254,6-9,200,Forward
2438,77694,6-5,165,Guard
2439,77695,6-11,235,Center
2440,77696,6-7,225,Forward
2441,77697,6-7,238,Forward
2442,203517,6-3,192,Guard
2443,77698,6-3,200,Forward
2444,77699,6-10,230,Center
2445,201634,6-4,200,Guard
2446,77700,6-6,210,Forward
2447,2749,6-0,190,Guard
2448,77701,6-3,190,Guard
2449,2403,6-11,250,Center-Forward
2450,1838,6-6,245,Forward-Guard
2451,77704,7-2,260,Forward
2452,1725,7-0,255,Center
2453,203526,6-1,179,Guard
2454,77705,6-6,200,Guard
2455,77706,6-1,175,Guard
2456,77707,7-5,217,Center
2457,1116,6-4,200,Guard
2458,1096,6-10,245,Center
2459,1956,6-7,220,Guard-Forward
2460,77710,6-4,200,Guard
2461,271,6-7,210,Forward
2462,77712,7-0,240,Center
2463,1627777,6-8,230,Forward
2464,77713,6-7,222,Center
2465,203094,6-9,250,Forward
2466,77715,6-1,175,Guard
2467,77716,7-0,245,Center
2468,77717,6-1,165,Guard
2469,77718,6-6,225,Forward
2470,77719,6-10,218,Center
2471,77720,6-7,210,Guard
2472,77721,6-2,170,Guard
2473,201149,6-11,230,Center
2474,77722,6-4,190,Guard
2475,200786,6-6,230,Forward-Guard
2476,203457,6-11,220,Center-Forward
2477,77723,6-4,185,Forward
2478,203512,7-0,220,Center
2479,77724,6-8,210,Center
2480,77727,6-10,225,Center
2481,77728,6-3,180,Forward
2482,77729,6-3,175,Guard
2483,77731,6-9,230,Center
2484,983,6-1,185,Guard
2485,77732,6-11,220,Center
2486,77733,6-7,220,Forward
2487,77734,6-8,195,Center
2488,77735,6-1,185,Guard
2489,77736,6-9,219,Center
2490,77737,6-2,170,Guard
2491,1717,7-0,245,Forward
2492,1628373,6-6,200,Guard
2493,1629134,6-3,195,Guard
2494,203994,7-0,275,Center
2495,77738,6-2,170,Guard
2496,1628021,6-4,219,Guard
2497,1022,6-10,255,Forward
2498,1525,6-5,209,Guard
2499,77742,6-2,185,Guard
2500,77744,6-4,190,Forward
2501,200753,7-0,250,Center
2502,77745,6-0,174,Guard
2503,77746,6-1,180,Guard
2504,77750,5-11,160,Guard
2505,77752,6-2,185,Guard
2506,77754,6-7,207,Forward
2507,77766,6-5,205,Forward
2508,979,6-11,255,Center-Forward
2509,406,7-1,325,Center
2510,1626220,6-6,226,Forward
2511,77767,6-3,210,Forward
2512,203124,6-10,250,Center
2513,77773,6-2,175,Guard
2514,77774,6-1,195,Guard
2515,891,6-9,245,Forward
2516,1627849,6-11,245,Forward
2517,201141,7-0,273,Center
2518,1885,6-10,230,Forward
2519,77747,6-6,215,Forward
2520,77748,6-5,205,Forward
2521,1628,7-2,240,Center
2522,77751,6-3,190,Guard
2523,203317,6-11,255,Center-Forward
2524,1628400,6-7,241,Forward
2525,2731,6-10,255,Center
2526,1626143,6-11,275,Center
2527,1629059,6-3,190,Forward
2528,1629006,6-4,212,Guard
2529,203506,6-4,210,Guard
2530,165,7-0,255,Center
2531,77756,6-8,225,Forward
2532,77757,7-0,215,Center
2533,77758,6-3,175,Guard
2534,77759,6-2,185,Guard
2535,77760,6-7,210,Forward
2536,2352,5-11,175,Guard
2537,1563,6-2,195,Guard
2538,77764,5-11,160,Guard
2539,1709,7-0,270,Center
2540,77765,6-8,220,Forward
2541,203482,7-0,240,Forward
2542,1627778,6-10,245,Center
2543,77768,6-3,190,Guard
2544,77769,6-3,195,Forward
2545,77770,6-8,175,Forward
2546,77771,6-10,225,Forward
2547,77772,6-6,210,Forward
2548,1626224,6-8,215,Forward
2549,77775,6-5,215,Forward
2550,77777,6-2,165,Guard
2551,77778,6-10,240,Center
2552,77779,6-7,220,Forward
2553,1626162,6-7,205,Forward
2554,2566,6-9,207,Forward
2555,77780,6-2,195,Guard
2556,77,6-3,190,Guard
2557,101261,6-4,200,Guard
2558,182,6-9,225,Forward-Guard
2559,2442,6-7,245,Forward
2560,77782,6-7,210,Forward
2561,77783,6-3,185,Guard
2562,77784,6-5,200,Forward
2563,77785,6-7,225,Forward
2564,77786,6-10,215,Center
2565,1077,6-9,224,Forward
2566,77788,6-10,220,Center
2567,2585,6-11,270,Center
2568,77789,6-7,205,Forward
2569,1627779,6-0,164,Guard
2570,77790,6-5,210,Forward
2571,1960,6-4,210,Guard
2572,77791,6-4,205,Forward
2573,77792,6-8,224,Forward
2574,77793,6-4,180,Forward
2575,77794,7-1,215,Center
2576,1627834,7-1,240,Center
2577,77797,6-3,200,Forward
2578,305,7-1,244,Center
2579,77799,6-2,205,Guard
2580,1515,6-6,210,Guard
2581,203953,6-8,245,Forward
2582,2470,6-4,190,Guard
2583,77800,6-6,200,Forward
2584,2225,6-2,185,Guard
2585,77801,6-0,174,Guard
2586,77802,6-9,220,Center
2587,77803,6-0,165,Forward
2588,77804,6-2,175,Guard
2589,202718,6-10,230,Forward
2590,1097,6-9,215,Forward
2591,77806,6-0,170,Guard
2592,77808,6-8,220,Forward
2593,77809,6-2,185,Forward
2594,77811,6-7,230,Center
2595,202335,6-9,230,Forward
2596,77812,6-9,225,Center
2597,77813,6-6,220,Forward
2598,77814,6-2,175,Guard
2599,203464,6-4,200,Guard
2600,101108,6-0,175,Guard
2601,77815,6-8,219,Forward
2602,77816,6-2,185,Guard
2603,77817,6-11,235,Center
2604,2562,6-7,235,Guard-Forward
2605,77818,6-6,200,Guard
2606,77819,6-6,200,Guard
2607,77820,6-2,185,Guard
2608,77821,6-4,174,Guard
2609,77822,6-8,195,Forward
2610,77823,7-2,240,Center
2611,203901,6-4,185,Guard
2612,56,6-4,190,Guard
2613,77824,6-4,185,Guard
2614,77825,6-1,165,Guard
2615,77826,6-1,170,Guard
2616,200762,7-0,234,Forward-Center
2617,77827,6-7,220,Guard
2618,324,6-4,208,Guard
2619,201593,6-11,307,Center
2620,77828,6-6,220,Center
2621,77829,6-9,225,Forward
2622,46,6-10,270,Center
2623,781,7-0,240,Center
2624,2570,6-10,270,Center
2625,64,6-9,260,Center-Forward
2626,77834,6-3,190,Guard
2627,200785,7-2,240,Center
2628,77835,6-7,220,Forward
2629,456,6-8,241,Forward
2630,445,6-6,200,Guard-Forward
2631,1628409,6-9,235,Forward
2632,77839,6-10,235,Forward
2633,77840,6-5,205,Guard
2634,77843,6-5,210,Forward
2635,77841,6-9,220,Center
2636,77842,6-4,185,Guard
2637,77844,6-4,190,Guard
2638,101130,7-0,247,Center
2639,77845,6-5,195,Guard
2640,77846,6-10,260,Center
2641,77847,6-9,205,Forward
2642,77848,6-6,205,Guard
2643,77850,6-5,195,Forward
2644,77849,6-1,175,Guard
2645,74,6-4,181,Forward
2646,77852,6-4,180,Guard
2647,77853,6-3,195,Guard
2648,1629341,6-3,195,Guard
2649,77854,6-7,225,Forward
2650,77855,6-3,189,Guard
2651,15,6-7,215,Guard-Forward
2652,1718,6-7,235,Forward
2653,894,6-4,215,Guard
2654,77858,6-5,200,Guard
2655,2554,6-6,215,Forward
2656,77859,6-3,185,Forward
2657,291,6-9,240,Forward
2658,77861,6-8,230,Forward
2659,1629033,6-6,218,Guard-Forward
2660,77862,6-6,230,Forward
2661,77863,7-1,240,Center
2662,937,6-8,228,Forward-Guard
2663,77864,6-8,220,Forward
2664,202353,7-3,256,Center
2665,1627850,7-0,250,Center
2666,203486,6-11,235,Forward-Center
2667,203101,6-11,249,Center-Forward
2668,77865,6-9,215,Forward
2669,1627751,7-0,230,Center
2670,77866,6-5,180,Forward
2671,77867,6-3,185,Forward
2672,1513,6-11,278,Center-Forward
2673,77868,6-7,200,Forward
2674,77869,6-9,233,Forward
2675,202347,6-7,230,Forward
2676,77870,6-7,220,Forward
2677,998,6-10,235,Center-Forward
2678,77872,6-10,220,Center
2679,77873,6-9,235,Forward
2680,2084,6-7,218,Forward
2681,77875,6-8,220,Forward
2682,77876,6-0,170,Guard
2683,345,6-3,205,Guard
2684,1629008,6-10,210,Forward
2685,203490,6-8,198,Forward
2686,1626171,6-11,250,Forward
2687,77878,6-5,200,Forward
2688,204001,7-3,240,Forward-Center
2689,1899,6-8,217,Forward
2690,2068,6-5,215,Guard-Forward
2691,958,6-10,285,Center-Forward
2692,200796,6-8,240,Forward
2693,203939,6-11,240,Forward-Center
2694,2694,6-9,240,Forward
2695,2867,6-7,215,Forward
2696,1626181,6-4,215,Forward-Guard
2697,1627816,6-9,235,Forward
2698,77879,6-5,185,Guard
2699,77880,6-2,170,Guard
2700,77881,6-7,210,Forward
2701,85,6-1,185,Guard
2702,77883,6-3,195,Guard
2703,899,6-0,180,Guard
2704,77884,6-3,200,Guard
2705,101179,6-2,190,Guard
2706,77882,6-6,190,Guard
2707,77886,6-3,190,Forward
2708,203143,6-3,185,Guard
2709,1627752,6-8,220,Forward
2710,2419,6-9,212,Forward
2711,77887,6-9,220,Center
2712,340,6-3,180,Guard
2713,201172,6-4,170,Guard
2714,2038,7-1,245,Center
2715,77888,6-7,190,Center
2716,77890,6-10,245,Forward
2717,1628681,6-4,205,Guard
2718,77891,6-1,170,Guard
2719,77892,6-5,215,Forward
2720,200809,6-2,175,Guard
2721,77893,6-8,235,Guard
2722,1628397,6-10,220,Forward
2723,77894,6-10,220,Center
2724,77895,6-1,190,Guard
2725,77896,6-4,190,Guard
2726,77897,6-3,205,Guard
2727,2209,6-10,235,Forward
2728,77899,6-8,235,Forward
2729,77900,6-0,160,Guard
2730,77901,6-5,210,Forward
2731,77902,6-4,205,Forward
2732,77903,6-2,185,Guard
2733,77904,6-7,190,Forward
2734,2080,6-2,184,Guard
2735,77905,6-8,213,Forward
2736,77906,6-4,200,Forward
2737,77907,6-3,190,Forward
2738,77908,6-2,165,Guard
2739,1821,6-8,235,Forward
2740,1626184,6-2,185,Guard
2741,203944,6-9,250,Center-Forward
2742,2216,6-9,250,Forward
2743,77910,6-6,220,Forward
2744,77911,6-2,170,Guard
2745,77912,6-1,185,Guard
2746,78656,6-4,172,Forward
2747,77913,6-7,220,Forward
2748,77914,6-6,195,Guard
2749,77915,6-10,230,Center
2750,689,6-10,235,Center
2751,202360,6-4,190,Guard
2752,77916,6-8,215,Forward
2753,77917,6-9,230,Center
2754,77918,6-5,190,Forward
2755,77920,6-8,215,Forward
2756,77919,6-0,180,Guard
2757,77921,6-11,235,Center
2758,77922,6-3,175,Guard
2759,77923,6-5,210,Forward
2760,1442,7-0,265,Center
2761,2072,6-6,215,Guard
2762,77925,6-5,195,Forward
2763,200755,6-4,200,Guard
2764,77926,6-6,188,Guard
2765,1628432,6-5,208,Guard
2766,77927,6-9,215,Center
2767,77928,6-5,205,Forward
2768,77929,6-10,235,Center
2769,735,7-0,290,Center
2770,77932,6-2,180,Guard
2771,77933,6-6,210,Forward
2772,77937,6-5,190,Guard
2773,690,6-8,250,Forward
2774,77935,6-6,210,Center
2775,77936,6-8,205,Forward
2776,2876,6-11,255,Center
2777,77938,5-11,165,Guard
2778,77939,6-6,230,Forward
2779,77941,6-2,185,Guard
2780,77942,6-2,170,Forward
2781,981,6-11,250,Center
2782,77944,6-9,225,Forward
2783,1629244,6-8,225,Guard-Forward
2784,77945,6-4,195,Guard
2785,77946,6-8,200,Guard
2786,77947,6-1,170,Guard
2787,201181,6-9,256,Forward
2788,77950,6-3,195,Guard
2789,2202,6-6,225,Guard
2790,200978,6-7,195,Guard-Forward
2791,1626196,6-6,200,Guard-Forward
2792,77952,6-5,189,Guard
2793,2369,6-5,200,Guard
2794,2047,6-6,228,Forward
2795,782,6-5,220,Guard
2796,77954,6-9,225,Forward
2797,77955,6-7,215,Forward
2798,77957,6-4,195,Guard
2799,2557,6-2,175,Guard
2800,77958,5-11,180,Guard
2801,77959,6-4,200,Forward
2802,77960,6-10,225,Forward
2803,77963,6-9,235,Forward
2804,35,7-0,245,Center
2805,77962,6-4,205,Guard
2806,77964,6-8,195,Forward
2807,77965,6-3,195,Guard
2808,77966,6-4,200,Forward
2809,77967,6-9,200,Center
2810,77968,6-2,185,Guard
2811,77969,6-10,260,Forward
2812,203085,6-4,200,Guard
2813,77970,6-0,170,Guard
2814,470,6-4,210,Guard
2815,77972,6-3,175,Forward
2816,203460,6-7,210,Guard-Forward
2817,101194,6-2,180,Guard
2818,77973,6-9,231,Center
2819,77975,6-5,185,Forward
2820,203148,6-1,173,Guard
2821,77977,6-6,214,Forward
2822,101160,6-9,240,Forward
2823,77978,6-8,200,Forward
2824,926,6-4,208,Guard
2825,600015,6-5,205,Guard
2826,77983,6-4,195,Guard
2827,77984,6-11,230,Center
2828,2774,6-6,210,Guard-Forward
2829,997,6-5,200,Guard
2830,77986,6-9,220,Forward
2831,361,6-10,245,Forward-Center
2832,764,7-1,250,Center
2833,1628421,6-8,200,Forward
2834,1629130,6-8,210,Forward
2835,1944,6-9,210,Forward
2836,77988,6-1,185,Guard
2837,299,6-7,240,Forward
2838,77989,6-6,210,Forward
2839,1629010,6-5,190,Guard
2840,1683,6-3,180,Guard
2841,1629011,7-1,240,Center
2842,77994,6-4,180,Guard
2843,716,6-2,195,Guard
2844,203080,6-10,237,Forward
2845,77993,6-7,225,Forward
2846,77996,6-8,217,Forward
2847,203922,6-6,222,Guard-Forward
2848,77997,6-7,230,Forward
2849,77998,6-10,235,Center
2850,77999,6-9,185,Center
2851,78000,6-3,170,Guard
2852,78001,5-9,155,Guard
2853,78002,6-5,185,Center
2854,78003,6-0,185,Guard
2855,200771,6-3,176,Guard
2856,691,6-7,220,Forward
2857,435,6-11,232,Forward-Center
2858,78007,6-10,225,Forward
2859,78008,6-1,190,Guard
2860,915,6-7,270,Forward
2861,78010,6-4,195,Forward
2862,78011,6-0,195,Guard
2863,202375,6-11,235,Forward
2864,78012,6-0,168,Guard
2865,78013,6-2,185,Guard
2866,78014,7-1,235,Center
2867,78015,6-1,175,Guard
2868,200765,6-1,186,Guard
2869,399,6-10,260,Center
2870,201565,6-3,200,Guard
2871,147,6-8,215,Guard-Forward
2872,990,6-7,255,Forward
2873,78016,6-5,180,Forward
2874,78017,5-10,165,Guard
2875,78018,6-4,190,Forward
2876,78019,6-4,185,Forward
2877,78020,6-5,205,Forward
2878,203082,6-7,206,Guard-Forward
2879,78021,6-11,255,Forward
2880,78022,6-8,212,Forward
2881,78023,6-7,215,Center
2882,78024,5-10,180,Guard
2883,78025,6-8,205,Forward
2884,78026,6-5,195,Forward
2885,78027,6-5,200,Forward
2886,78028,6-7,225,Forward
2887,78029,6-8,250,Center
2888,78030,6-5,195,Forward
2889,78031,6-9,220,Forward
2890,200750,6-6,211,Guard
2891,140,6-8,218,Forward
2892,78033,5-10,155,Guard
2893,1626179,6-1,190,Guard
2894,201937,6-4,190,Guard
2895,2462,6-9,270,Forward-Center
2896,78035,6-2,180,Guard
2897,78036,6-7,230,Forward
2898,204014,6-10,228,Forward
2899,78037,6-6,205,Forward
2900,1913,6-8,248,Forward-Center
2901,460,6-1,199,Guard
2902,78039,6-10,225,Center
2903,78040,6-9,220,Forward
2904,78041,6-10,240,Center
2905,78042,6-9,220,Center
2906,78043,5-10,165,Guard
2907,474,6-9,240,Forward
2908,201575,6-6,225,Guard-Forward
2909,78049,6-10,215,Center
2910,78047,6-8,215,Forward
2911,78045,6-5,218,Forward
2912,1626156,6-5,198,Guard
2913,78046,6-3,180,Guard
2914,78048,6-5,195,Guard
2915,201041,6-0,170,Guard
2916,717,7-3,292,Center
2917,1627734,6-11,240,Forward
2918,203135,7-0,270,Center
2919,78050,6-5,240,Center
2920,78051,5-10,175,Guard
2921,927,6-11,255,Center-Forward
2922,2066,6-10,240,Center
2923,1629102,6-5,184,Guard
2924,2441,6-11,235,Forward-Center
2925,78055,7-4,228,Center
2926,2143,6-4,195,Guard
2927,78057,6-6,200,Forward
2928,1874,6-8,225,Forward
2929,78059,6-6,210,Forward
2930,78060,6-6,210,Forward
2931,2091,7-1,256,Center
2932,78061,6-5,190,Forward
2933,78062,6-9,215,Forward
2934,203967,6-10,223,Forward
2935,987,6-7,225,Forward
2936,2219,6-6,200,Guard
2937,203107,6-7,210,Guard-Forward
2938,2261,6-2,170,Guard
2939,78063,6-2,185,Guard
2940,78064,6-7,220,Forward
2941,78065,6-7,210,Forward
2942,78066,6-3,205,Forward
2943,2453,6-6,225,Guard
2944,78067,6-5,195,Forward
2945,2243,6-9,235,Forward
2946,78068,6-8,208,Forward
2947,78069,6-1,170,Guard
2948,78070,6-0,185,Forward
2949,78071,6-0,175,Guard
2950,78072,6-3,195,Guard
2951,78073,6-2,173,Forward
2952,78074,6-5,200,Forward
2953,78075,6-5,205,Forward
2954,7,6-11,260,Center
2955,78076,6-8,195,Forward
2956,78078,6-0,175,Guard
2957,78080,6-11,240,Center
2958,78081,6-3,205,Guard
2959,101195,7-1,265,Center
2960,78082,6-9,212,Center
2961,368,7-2,285,Center
2962,78084,6-10,225,Center
2963,78085,6-4,185,Forward
2964,78086,6-5,200,Forward
2965,78087,6-10,210,Forward
2966,78088,6-8,220,Forward
2967,78089,6-7,230,Center
2968,96,6-10,235,Forward
2969,203471,6-1,172,Guard
2970,78091,6-6,200,Forward
2971,78092,6-2,192,Forward
2972,78093,6-6,210,Guard
2973,78094,5-11,180,Guard
2974,78095,6-7,185,Forward
2975,1064,6-10,250,Forward-Center
2976,2,6-4,205,Guard
2977,78097,6-5,175,Guard
2978,192,6-8,229,Forward
2979,1109,6-6,180,Forward
2980,203118,6-8,237,Forward
2981,78100,6-9,215,Forward
2982,78102,6-7,188,Forward
2983,78103,6-8,210,Forward
2984,907,6-8,200,Guard-Forward
2985,78105,6-6,210,Forward
2986,78106,6-9,198,Forward
2987,78107,6-3,190,Guard
2988,200757,6-7,220,Forward
2989,938,6-11,253,Center
2990,78109,6-3,196,Forward
2991,1627782,6-5,230,Guard-Forward
2992,78110,7-0,210,Forward
2993,78111,6-4,195,Forward
2994,78112,5-10,165,Guard
2995,78113,6-2,180,Guard
2996,78114,6-2,190,Guard
2997,200754,6-11,230,Center
2998,78115,6-2,179,Guard
2999,202338,6-10,278,Forward-Center
3000,201196,6-3,190,Guard
3001,78116,6-5,185,Guard
3002,1629012,6-2,190,Guard
3003,78117,6-1,180,Guard
3004,78118,5-11,180,Guard
3005,1593,6-11,245,Center
3006,78120,6-3,185,Guard
3007,78121,6-7,220,Forward
3008,1629013,6-5,188,Guard
3009,1539,6-0,169,Guard
3010,78123,5-11,170,Guard
3011,78124,6-2,175,Guard
3012,78125,6-11,235,Center
3013,78126,6-1,175,Guard
3014,201594,6-9,245,Forward
3015,1117,6-11,235,Center
3016,78128,6-8,200,Forward
3017,216,6-6,200,Guard
3018,1745,6-11,255,Center
3019,78130,6-2,194,Forward
3020,78131,6-2,165,Forward
3021,78132,6-7,210,Forward
3022,78133,6-8,240,Forward
3023,78135,6-6,215,Forward
3024,78136,6-2,170,Guard
3025,78653,6-1,200,Guard
3026,2321,6-10,230,Forward
3027,78138,6-6,200,Forward
3028,78139,6-7,210,Forward
3029,78140,6-2,200,Forward
3030,78141,6-2,190,Guard
3031,78142,6-2,170,Guard
3032,78143,6-9,235,Forward
3033,202697,6-5,215,Guard
3034,203144,6-6,187,Guard
3035,1627783,6-9,230,Forward
3036,78144,6-7,215,Forward
3037,78145,6-2,175,Guard
3038,78146,6-1,168,Guard
3039,78147,6-3,190,Guard
3040,78148,7-1,230,Center
3041,78149,6-11,230,Center
3042,78150,6-1,180,Guard
3043,78151,6-7,220,Forward
3044,202918,6-5,205,Guard
3045,202081,6-11,305,Center
3046,78152,6-6,225,Forward
3047,101134,6-9,250,Forward
3048,1627732,6-10,230,Guard-Forward
3049,2250,6-6,235,Forward
3050,200759,6-9,235,Forward
3051,78153,6-8,222,Center
3052,78154,6-1,184,Guard
3053,203613,6-6,195,Forward
3054,1489,6-7,210,Forward
3055,1750,6-3,202,Guard
3056,1629014,6-4,185,Guard
3057,202067,6-7,230,Forward
3058,78157,6-5,200,Guard
3059,78160,6-5,220,Forward
3060,78159,6-7,195,Forward
3061,203156,6-10,248,Center-Forward
3062,78161,6-1,170,Guard
3063,202713,6-8,228,Forward
3064,201606,6-0,185,Guard
3065,202698,6-9,228,Forward
3066,101189,6-8,230,Forward
3067,78162,6-5,175,Forward
3068,78163,5-10,165,Guard
3069,78164,6-8,210,Forward
3070,203491,6-0,185,Guard
3071,101,6-1,180,Guard
3072,78167,6-3,190,Guard
3073,78168,6-5,195,Forward
3074,78169,5-11,180,Guard
3075,78170,6-6,220,Forward
3076,1073,6-7,255,Forward
3077,78171,6-11,210,Center
3078,78172,6-5,205,Guard
3079,202388,6-3,205,Guard
3080,78173,6-5,195,Guard
3081,101166,6-10,238,Forward
3082,78174,6-4,200,Guard
3083,78175,6-1,175,Guard
3084,203935,6-4,220,Guard
3085,78176,6-1,195,Guard
3086,78177,6-3,190,Guard
3087,78178,6-1,180,Guard
3088,78207,7-0,220,Center
3089,78209,6-5,190,Forward
3090,78202,6-5,195,Forward
3091,78203,6-4,190,Guard
3092,293,6-10,244,Forward
3093,78179,6-1,160,Forward
3094,1814,6-3,190,Guard
3095,78181,6-6,210,Forward
3096,200783,6-7,265,Forward
3097,78182,6-3,180,Forward
3098,78183,6-6,205,Guard
3099,78184,6-0,160,Guard
3100,78185,6-2,190,Forward
3101,2764,6-7,215,Guard
3102,475,6-10,220,Forward
3103,78187,6-6,180,Forward
3104,78188,7-1,250,Center
3105,78189,6-9,235,Center
3106,78190,6-5,195,Forward
3107,202962,6-10,250,Center
3108,202397,6-0,175,Guard
3109,2747,6-6,225,Guard-Forward
3110,2074,6-11,250,Center
3111,78191,6-9,225,Forward
3112,693,6-10,225,Forward-Center
3113,78192,6-3,180,Guard
3114,181,6-3,170,Guard
3115,78194,6-3,200,Forward
3116,78195,6-8,215,Forward
3117,1910,6-10,235,Forward
3118,63,6-8,240,Forward
3119,78197,6-10,225,Guard
3120,2065,6-8,195,Forward
3121,202701,6-2,185,Guard
3122,78198,6-5,210,Forward
3123,78199,6-4,185,Guard
3124,78200,6-3,180,Guard
3125,78201,6-10,240,Forward
3126,78204,5-11,165,Guard
3127,78205,6-4,200,Forward
3128,120,6-8,221,Guard-Forward
3129,1478,6-2,208,Guard
3130,78208,6-2,170,Guard
3131,1629015,6-4,199,Guard
3132,1628372,6-3,195,Guard
3133,22,7-4,265,Center
3134,1091,7-0,250,Center
3135,78212,6-3,215,Forward
3136,203503,6-7,213,Guard
3137,727,6-3,205,Guard
3138,78213,6-5,207,Guard
3139,2745,6-6,225,Forward-Guard
3140,78214,6-0,180,Guard
3141,78215,6-3,198,Guard
3142,78216,6-3,185,Guard
3143,78217,6-9,225,Center
3144,78219,5-8,170,Guard
3145,2443,6-9,248,Forward
3146,78220,6-8,225,Forward
3147,203480,6-8,215,Forward
3148,78221,6-2,175,Forward
3149,2776,6-10,250,Forward
3150,1629034,6-10,215,Forward
3151,78222,6-5,190,Guard
3152,2779,6-4,195,Guard
3153,78223,6-6,218,Forward
3154,600009,6-2,175,Guard
3155,78225,6-5,205,Forward
3156,78226,6-4,200,Forward
3157,201578,6-10,255,Forward-Center
3158,1629016,6-9,245,Forward
3159,78227,6-6,210,Forward
3160,280,7-0,290,Center
3161,78230,6-2,195,Forward
3162,78231,7-0,225,Center
3163,201168,6-11,245,Center-Forward
3164,78232,6-9,220,Center
3165,84,6-5,195,Guard
3166,78233,6-7,230,Forward
3167,78234,6-9,235,Center
3168,78235,6-2,225,Forward
3169,711,6-6,218,Forward
3170,78237,6-3,185,Guard
3171,78238,6-7,200,Forward
3172,78239,6-5,190,Forward
3173,78240,6-1,185,Forward
3174,78241,6-5,170,Guard
3175,317,6-5,190,Guard
3176,78243,6-6,190,Guard
3177,203917,6-6,205,Guard
3178,78244,6-7,205,Forward
3179,78245,6-5,180,Guard
3180,1735,7-1,255,Center
3181,78247,6-2,175,Guard
3182,78249,6-3,185,Guard
3183,202362,6-6,230,Guard
3184,78250,6-5,195,Guard
3185,78251,6-5,195,Guard
3186,78252,6-3,185,Forward
3187,2052,6-5,218,Forward-Guard
3188,78253,6-6,220,Forward
3189,1529,6-8,239,Forward
3190,1125,6-8,230,Forward
3191,1565,6-10,230,Center
3192,78256,6-5,205,Forward
3193,201880,6-11,260,Center
3194,78257,6-11,245,Center
3195,179,6-5,210,Guard
3196,78259,6-2,185,Guard
3197,78260,6-5,210,Forward
3198,78261,6-8,220,Forward
3199,204065,5-11,165,Guard
3200,304,6-1,175,Guard
3201,978,6-10,229,Forward
3202,78264,6-10,220,Forward
3203,600016,6-7,232,Forward
3204,78266,6-1,180,Guard
3205,1627754,6-11,255,Center
3206,202933,6-6,200,Guard
3207,2852,6-6,225,Forward-Guard
3208,757,5-10,171,Guard
3209,101136,6-1,175,Guard
3210,2405,6-10,245,Forward-Center
3211,78267,6-4,215,Forward
3212,201199,6-5,201,Guard
3213,78268,6-10,235,Center
3214,78269,6-8,210,Forward
3215,1065,6-3,218,Guard
3216,78270,6-5,200,Forward
3217,78271,6-10,260,Forward
3218,400,6-9,240,Forward
3219,78273,6-4,190,Guard
3220,78274,6-7,215,Forward
3221,78275,6-2,185,Forward
3222,78276,5-10,170,Guard
3223,78277,6-9,225,Center
3224,201969,6-8,240,Forward
3225,1628410,6-6,176,Guard
3226,78654,6-11,215,Forward
3227,201180,6-9,205,Guard
3228,78278,6-1,180,Guard
3229,1743,7-2,260,Center
3230,78279,6-2,170,Guard
3231,682,6-5,200,Guard
3232,78280,6-4,210,Forward
3233,78281,6-3,190,Guard
3234,357,6-2,185,Guard
3235,78283,6-8,220,Forward
3236,1628403,6-9,250,Forward
3237,78284,6-6,210,Forward
3238,78285,6-4,215,Forward
3239,2552,6-8,270,Forward
3240,2741,7-1,270,Center
3241,2031,6-10,220,Forward-Center
3242,78286,6-5,230,Forward
3243,202377,6-7,225,Forward-Guard
3244,78287,5-10,175,Guard
3245,1132,6-9,255,Forward
3246,1136,6-11,230,Center
3247,1887,6-7,240,Guard-Forward
3248,440,7-0,257,Center
3249,101147,6-10,261,Forward
3250,78291,6-0,160,Guard
3251,1434,6-11,270,Center-Forward
3252,78293,7-0,230,Forward
3253,78294,6-4,185,Guard
3254,1628369,6-8,208,Forward
3255,204002,7-3,265,Center
3256,78295,6-4,175,Guard
3257,78296,6-2,185,Guard
3258,101182,6-5,193,Guard
3259,78298,6-5,180,Guard
3260,1627819,6-3,170,Guard
3261,78297,6-3,190,Forward
3262,78299,6-4,175,Guard
3263,1511,6-9,220,Forward
3264,78301,6-8,220,Forward
3265,201446,6-2,165,Guard
3266,78302,6-0,175,Guard
3267,78303,6-5,180,Guard
3268,78304,6-5,195,Guard
3269,201952,6-2,195,Guard
3270,203104,6-2,189,Guard
3271,202066,6-6,195,Guard-Forward
3272,78305,6-8,200,Forward
3273,1629123,6-3,227,Guard
3274,78307,6-4,210,Guard
3275,78306,6-6,215,Guard
3276,78308,6-5,195,Guard
3277,1891,6-2,185,Guard
3278,201934,7-3,263,Center
3279,78309,6-2,170,Guard
3280,1628464,6-8,243,Forward
3281,78310,6-6,190,Guard
3282,78311,6-7,210,Forward
3283,78312,6-6,215,Forward
3284,78313,6-1,160,Guard
3285,78314,6-7,195,Forward
3286,203519,6-7,240,Guard-Forward
3287,2873,6-5,220,Guard
3288,1063,6-4,195,Guard
3289,78316,6-3,175,Guard
3290,2041,6-10,260,Center
3291,78317,6-8,225,Forward
3292,202738,5-9,185,Guard
3293,78318,6-1,180,Guard
3294,1975,6-6,219,Forward
3295,78320,6-3,190,Guard
3296,78321,6-6,205,Forward
3297,1519,6-9,265,Center
3298,1629017,6-3,210,Guard
3299,202498,6-8,240,Forward
3300,78322,6-8,220,Forward
3301,1501,6-10,240,Forward
3302,202717,6-10,245,Forward
3303,78323,6-6,210,Guard
3304,1631,6-7,195,Forward
3305,78325,6-8,225,Forward
3306,78326,6-4,195,Guard
3307,78327,6-2,200,Guard
3308,201574,6-11,250,Forward-Center
3309,78328,6-10,225,Forward
3310,78329,6-11,260,Center
3311,202691,6-7,215,Guard
3312,78331,6-10,226,Center
3313,78332,6-6,210,Guard
3314,78333,6-4,185,Forward
3315,202684,6-10,238,Center-Forward
3316,78335,6-4,195,Guard
3317,201154,6-8,235,Forward
3318,738,6-10,225,Forward
3319,1628414,6-5,215,Guard
3320,901,6-10,248,Center-Forward
3321,9,6-2,185,Guard
3322,600001,6-11,225,Center
3323,78340,6-0,175,Guard
3324,78341,6-1,190,Guard
3325,78342,6-0,185,Guard
3326,78343,6-11,215,Center
3327,78344,6-4,205,Forward
3328,47,6-9,260,Forward
3329,78346,6-5,220,Forward
3330,78348,6-9,225,Forward
3331,78347,6-7,235,Forward
3332,201229,6-8,250,Forward
3333,78349,6-8,190,Forward
3334,78350,6-8,218,Forward
3335,78351,6-3,178,Guard
3336,78352,6-2,178,Guard
3337,78353,6-1,185,Guard
3338,342,6-6,210,Forward
3339,78355,6-6,215,Center
3340,78356,6-9,210,Forward
3341,78357,6-1,192,Forward
3342,78358,6-8,230,Center
3343,2351,6-6,210,Guard-Forward
3344,78359,6-1,175,Guard
3345,78360,6-0,185,Guard
3346,1626253,6-7,210,Guard-Forward
3347,78361,5-7,150,Guard
3348,78363,6-4,210,Center
3349,78364,6-7,190,Forward
3350,1626157,7-0,248,Center
3351,78365,6-3,175,Guard
3352,78366,6-8,205,Forward
3353,78367,6-7,210,Forward
3354,1714,6-8,284,Forward-Center
3355,718,6-8,250,Forward
3356,1629018,6-6,205,Guard
3357,2244,6-4,200,Guard
3358,78651,6-7,215,Forward
3359,1629019,6-5,200,Guard
3360,78368,6-0,170,Guard
3361,78369,6-6,220,Forward
3362,2456,7-2,240,Center
3363,2054,7-2,290,Center
3364,78370,6-6,206,Forward
3365,78371,6-5,190,Forward
3366,2401,7-0,225,Forward
3367,78372,6-8,190,Forward
3368,141,6-8,220,Forward
3369,78374,6-7,185,Forward
3370,200782,6-6,245,Forward
3371,78375,6-5,193,Guard
3372,1726,6-9,216,Forward
3373,2045,6-10,220,Forward
3374,78377,5-11,160,Guard
3375,78385,6-7,220,Forward
3376,78378,6-5,190,Guard
3377,202323,6-7,220,Guard-Forward
3378,78379,6-7,200,Guard
3379,78380,6-4,170,Guard
3380,78382,6-5,200,Guard
3381,78381,6-9,230,Forward
3382,1819,6-8,245,Forward
3383,1626167,6-11,250,Center-Forward
3384,78386,6-11,240,Center
3385,78387,6-1,175,Guard
3386,78388,6-6,210,Forward
3387,189,6-1,185,Guard
3388,202719,6-10,250,Forward
3389,78390,6-7,215,Forward
3390,78391,6-8,230,Center
3391,202327,6-10,245,Center-Forward
3392,2757,6-3,205,Guard
3393,78392,6-7,245,Center
3394,78393,6-4,185,Guard
3395,78394,6-2,180,Guard
3396,1627784,6-9,221,Forward
3397,202386,6-3,205,Guard
3398,201987,6-5,205,Guard-Forward
3399,202685,7-0,265,Center
3400,78395,6-2,183,Guard
3401,1627756,6-6,210,Guard
3402,78396,6-7,210,Forward
3403,78397,6-3,185,Guard
3404,78398,6-5,210,Guard
3405,78399,6-5,202,Forward
3406,78401,6-3,185,Guard-Forward
3407,78400,6-7,195,Forward
3408,89,6-1,190,Guard
3409,1496,6-10,245,Forward
3410,78406,6-1,173,Guard
3411,1627832,6-0,195,Guard
3412,78402,6-3,195,Guard
3413,78403,6-8,215,Forward
3414,1629020,6-9,214,Forward
3415,78405,6-3,195,Forward
3416,78404,6-8,220,Forward
3417,78407,7-1,255,Center
3418,2128,6-5,200,Guard
3419,2237,7-1,265,Center
3420,202363,6-9,230,Forward-Center
3421,78409,6-3,190,Guard
3422,1521,6-1,190,Guard
3423,78411,6-4,205,Forward
3424,919,6-9,240,Forward-Center
3425,78413,6-1,190,Guard
3426,78414,6-9,215,Forward
3427,202686,7-0,242,Forward
3428,78415,6-6,195,Forward
3429,78416,6-9,215,Forward
3430,101111,6-11,232,Forward
3431,78418,6-7,220,Forward
3432,78417,6-2,185,Guard
3433,78419,6-9,240,Forward
3434,78420,6-4,205,Forward
3435,78421,6-10,218,Center
3436,203943,6-9,250,Forward
3437,2063,6-11,255,Center
3438,78423,6-7,210,Forward
3439,78425,7-0,220,Center
3440,202696,7-0,260,Center
3441,2756,6-7,195,Guard
3442,2548,6-4,220,Guard
3443,78426,5-11,160,Guard
3444,101144,6-5,209,Guard
3445,78427,6-5,210,Center
3446,78428,6-0,170,Guard
3447,78429,6-5,185,Guard
3448,1629021,6-11,245,Center
3449,203079,6-4,215,Guard
3450,78430,6-11,225,Center
3451,78431,6-2,175,Guard
3452,78432,6-10,220,Center
3453,78433,6-4,190,Guard
3454,952,6-9,245,Forward
3455,78434,6-6,205,Forward
3456,78435,6-7,212,Forward
3457,78437,6-4,180,Guard
3458,78436,6-1,172,Guard
3459,201611,6-6,235,Forward
3460,78438,6-3,210,Forward
3461,78439,6-3,195,Guard
3462,202689,6-1,184,Guard
3463,78440,6-8,210,Forward
3464,78441,6-3,180,Guard
3465,78442,6-8,190,Forward
3466,1629022,6-5,205,Guard
3467,202322,6-4,210,Guard
3468,1112,6-9,240,Forward-Center
3469,2222,6-7,220,Forward
3470,961,6-9,225,Forward
3471,78443,6-1,185,Guard
3472,1627820,6-5,198,Guard
3473,78444,6-6,220,Forward
3474,78445,6-4,215,Forward
3475,78446,6-4,195,Forward
3476,78447,6-2,160,Guard
3477,78448,5-11,163,Guard
3478,78450,6-11,210,Center
3479,78449,6-0,160,Guard
3480,2575,6-8,235,Forward
3481,1628476,6-1,185,Guard
3482,202954,6-4,210,Guard
3483,78453,6-0,170,Guard
3484,78454,6-2,165,Guard
3485,78455,6-4,195,Guard
3486,78456,6-4,195,Guard
3487,78457,6-7,210,Forward
3488,78458,6-5,200,Forward
3489,78459,6-5,200,Guard
3490,78460,6-9,220,Forward
3491,78461,6-3,180,Guard
3492,203933,6-8,215,Forward
3493,202378,6-4,203,Guard
3494,78462,6-5,195,Guard
3495,78463,6-11,225,Center
3496,1627395,6-8,209,Forward-Guard
3497,78469,5-11,175,Guard
3498,78464,6-4,195,Guard
3499,78465,6-2,190,Guard
3500,1540,6-4,190,Forward-Guard
3501,78466,6-7,210,Forward
3502,78467,6-8,230,Forward
3503,78468,6-10,220,Forward
3504,78470,6-4,190,Guard
3505,78471,6-9,227,Forward
3506,1629139,6-9,205,Guard-Forward
3507,201208,6-11,258,Center
3508,201228,6-2,175,Guard
3509,2248,6-1,199,Guard
3510,78474,6-6,210,Forward
3511,78473,6-1,175,Guard
3512,204037,6-10,225,Forward
3513,221,6-7,270,Forward
3514,78475,6-7,195,Forward
3515,78477,6-4,170,Guard
3516,78478,6-9,255,Forward
3517,1627821,6-9,202,Forward
3518,1627362,6-2,165,Guard
3519,78479,6-6,225,Center
3520,1067,6-8,232,Forward
3521,101110,6-7,230,Forward-Guard
3522,78481,7-1,225,Center
3523,78482,6-7,215,Forward
3524,78483,6-4,180,Forward
3525,78484,6-9,230,Forward
3526,78485,6-3,180,Guard
3527,78486,6-2,175,Guard
3528,1719,6-5,210,Guard-Forward
3529,1528,6-5,230,Forward
3530,78488,6-7,200,Forward
3531,78489,6-1,180,Guard
3532,1846,7-0,245,Center
3533,2412,6-7,208,Forward
3534,1629118,7-0,255,Center
3535,78492,7-1,250,Center
3536,438,6-11,250,Center
3537,133,6-1,203,Guard
3538,78495,6-11,220,Center
3539,2561,6-9,250,Forward
3540,2753,6-3,180,Guard
3541,78497,6-3,175,Guard
3542,201238,6-5,210,Guard
3543,78499,6-4,178,Guard
3544,201566,6-3,200,Guard
3545,78500,6-4,195,Guard
3546,78501,6-5,190,Guard
3547,1545,6-0,165,Guard
3548,78504,6-1,185,Guard
3549,78506,6-1,180,Guard
3550,201591,6-9,250,Forward
3551,1628401,6-4,190,Guard
3552,78507,6-8,200,Forward
3553,78508,6-2,195,Guard
3554,78509,6-4,205,Guard
3555,200778,6-7,215,Guard-Forward
3556,78510,6-3,190,Guard
3557,1839,6-8,240,Forward
3558,2206,6-9,230,Forward
3559,78512,6-8,210,Forward
3560,78513,6-2,195,Guard
3561,202358,6-5,213,Guard
3562,78514,6-2,170,Guard
3563,78515,6-3,195,Guard
3564,1628510,6-7,210,Forward
3565,1627785,6-4,213,Guard
3566,78516,6-10,220,Center
3567,202355,7-0,265,Center
3568,730,6-7,240,Forward
3569,78519,6-5,235,Forward
3570,43,6-0,175,Guard
3571,203963,6-11,250,Forward-Center
3572,78520,6-9,225,Forward
3573,78521,5-9,155,Guard
3574,78522,6-4,215,Forward
3575,203952,6-8,194,Forward-Guard
3576,78523,6-4,185,Guard
3577,78524,6-6,195,Forward
3578,203912,6-5,195,Guard
3579,2404,6-10,235,Forward-Center
3580,78525,6-2,165,Guard
3581,78526,6-10,210,Center
3582,78527,6-9,200,Forward
3583,78528,6-4,185,Guard
3584,78529,6-2,185,Guard
3585,78530,6-1,180,Guard
3586,78531,6-6,195,Guard
3587,78532,6-6,190,Forward
3588,78533,6-7,195,Forward
3589,1122,6-8,230,Forward
3590,78534,6-10,220,Center
3591,78537,6-10,230,Center
3592,78538,6-10,220,Forward
3593,1626210,6-8,265,Forward-Center
3594,78539,6-1,180,Guard
3595,78540,6-3,175,Guard
3596,78564,6-6,230,Forward
3597,433,6-8,225,Forward
3598,203710,6-5,226,Guard
3599,78547,6-2,175,Guard
3600,78541,6-3,180,Guard
3601,78543,6-3,180,Guard
3602,101258,6-3,190,Guard
3603,101114,6-3,200,Guard
3604,78545,6-2,180,Guard
3605,78546,6-7,230,Center
3606,2421,6-3,212,Guard
3607,78548,6-4,190,Guard
3608,78549,6-2,175,Guard
3609,78550,6-9,200,Forward
3610,1006,6-11,260,Center
3611,73,6-11,245,Center
3612,2398,6-2,195,Guard
3613,966,6-9,206,Forward-Center
3614,78554,6-8,235,Forward
3615,1629140,6-9,228,Forward
3616,202716,6-10,260,Center
3617,78555,6-9,205,Forward
3618,1629026,6-7,210,Guard-Forward
3619,78556,6-2,175,Guard
3620,101150,6-1,175,Guard
3621,200766,6-3,205,Guard
3622,201173,6-7,207,Guard
3623,101107,6-9,237,Forward
3624,78558,6-8,255,Guard
3625,78560,6-2,182,Guard
3626,2590,6-1,198,Guard
3627,42,6-8,225,Forward
3628,78561,6-4,215,Guard
3629,78566,6-7,190,Forward
3630,78571,6-3,188,Guard
3631,78563,6-1,175,Guard
3632,78565,6-2,175,Guard
3633,78567,6-3,188,Guard
3634,78568,6-3,180,Guard
3635,78569,6-8,210,Forward
3636,201157,6-10,235,Forward-Center
3637,1742,6-1,201,Guard
3638,200761,6-10,230,Forward
3639,200749,6-9,250,Center-Forward
3640,78570,6-7,210,Forward
3641,201944,6-6,220,Guard-Forward
3642,1627786,6-7,218,Forward
3643,78573,6-4,195,Forward
3644,78574,6-7,200,Forward
3645,1629057,6-10,240,Center-Forward
3646,722,6-7,245,Forward
3647,78575,6-2,185,Guard
3648,788,7-0,245,Center-Forward
3649,78577,6-8,205,Forward
3650,78586,6-4,185,Guard
3651,78585,6-2,175,Guard
3652,1628391,6-10,231,Forward
3653,78579,6-8,225,Center
3654,78580,6-2,175,Guard
3655,78581,6-3,175,Guard
3656,78582,6-8,200,Forward
3657,78578,6-0,190,Guard
3658,78583,6-4,200,Guard
3659,78584,6-3,195,Guard
3660,78587,6-3,175,Guard
3661,1027,6-7,210,Forward
3662,1627787,6-10,240,Forward
3663,78589,6-5,210,Forward
3664,78590,6-1,160,Guard
3665,78591,6-8,215,Forward
3666,78592,6-2,174,Guard
3667,766,6-5,187,Guard-Forward
3668,78596,6-6,210,Forward
3669,78597,6-1,164,Guard
3670,1626159,6-7,225,Forward-Guard
3671,1984,6-8,225,Forward
3672,78600,6-4,185,Guard
3673,78601,6-8,200,Forward
3674,78602,6-6,210,Forward
3675,78603,7-0,235,Center
3676,1456,6-6,210,Guard
3677,78605,6-7,190,Guard
3678,78606,6-2,185,Guard
3679,2106,6-10,275,Forward
3680,78610,6-6,193,Guard
3681,1626174,6-10,214,Forward
3682,116,6-9,230,Forward
3683,78609,6-7,235,Forward
3684,78611,6-3,185,Guard
3685,2254,7-2,260,Center
3686,2417,6-8,220,Forward-Guard
3687,1010,5-10,185,Guard
3688,78614,6-5,195,Guard
3689,78615,6-9,215,Forward
3690,78616,6-9,215,Center
3691,78617,6-7,218,Forward
3692,1897,6-7,260,Forward
3693,78618,6-5,195,Guard
3694,1460,6-9,225,Forward
3695,101152,6-3,201,Guard
3696,78620,6-11,225,Forward
3697,202874,6-9,226,Forward
3698,1626153,6-5,183,Guard
3699,2748,6-9,205,Forward-Guard
3700,78621,6-8,220,Forward
3701,78622,6-8,220,Forward
3702,201153,6-8,225,Forward
3703,78623,6-1,160,Guard
3704,953,6-11,255,Forward-Center
3705,1007,7-2,270,Center
3706,203100,6-6,205,Guard
3707,78627,6-2,180,Guard
3708,1627824,6-8,260,Forward
3709,2397,7-6,310,Center
3710,2428,6-7,210,Forward
3711,78628,6-5,190,Forward
3712,78629,6-7,215,Forward
3713,78630,6-8,235,Center
3714,78631,6-2,190,Guard
3715,201146,7-0,250,Forward
3716,78632,6-9,220,Forward
3717,78633,6-4,175,Guard
3718,1626202,6-2,185,Guard
3719,78634,6-7,220,Guard
3720,78635,6-5,210,Guard
3721,201970,6-6,225,Forward-Guard
3722,201152,6-8,221,Forward
3723,1937,7-2,270,Center
3724,1629027,6-2,180,Guard
3725,78638,6-2,170,Guard
3726,78639,6-7,215,Forward
3727,203469,7-0,240,Center
3728,78640,6-1,175,Guard
3729,78641,6-3,205,Guard
3730,78642,6-4,210,Center
3731,203092,7-0,253,Center
3732,78643,6-8,210,Forward
3733,78644,6-10,230,Forward
3734,1627757,7-0,240,Center
3735,1627835,6-8,226,Forward
3736,1627790,6-11,254,Center
3737,78647,7-1,240,Center
3738,78648,6-1,170,Guard
3739,1627826,7-1,240,Center
3740,78650,6-3,195,Guard
